Customer_Segment,Acquisition_Channel,Region,Tenure_Months,Customer_Lifetime_Value,CSAT_Rating,Churn
Budget Hunter,Organic/Direct,North America,4,459.69,5,0
Corporate/Bulk,Organic/Direct,Europe,34,15692.41,4,0
Regular Consumer,Social Media,Asia-Pacific,5,1046.94,3,1
Regular Consumer,Email Referral,North America,33,627.04,4,0
Budget Hunter,Paid Search,Asia-Pacific,5,417.47,4,1
Budget Hunter,Paid Search,North America,38,291.1,4,0
Budget Hunter,Email Referral,Asia-Pacific,34,396.85,4,0
High-Tier VIP,Social Media,Asia-Pacific,26,6977.44,5,0
Regular Consumer,Organic/Direct,North America,1,736.11,4,0
Regular Consumer,Email Referral,Europe,4,961.01,3,0
Budget Hunter,Paid Search,North America,39,332.98,2,0
Corporate/Bulk,Email Referral,Asia-Pacific,26,14552.12,4,0
High-Tier VIP,Social Media,Europe,33,8500.07,1,0
Budget Hunter,Social Media,Europe,33,371.62,3,0
Budget Hunter,Social Media,North America,8,207.18,3,0
Budget Hunter,Email Referral,North America,20,319.77,3,0
Budget Hunter,Paid Search,North America,16,282.2,5,0
Regular Consumer,Social Media,North America,21,1416.48,3,0
Regular Consumer,Organic/Direct,Europe,45,1313.07,3,0
Budget Hunter,Organic/Direct,Asia-Pacific,26,258.84,2,1
Regular Consumer,Organic/Direct,Europe,23,949.95,4,0
Budget Hunter,Paid Search,Europe,18,318.49,2,0
Budget Hunter,Paid Search,Latin America,31,329.06,4,0
Budget Hunter,Social Media,Asia-Pacific,42,346.31,2,0
Regular Consumer,Organic/Direct,Latin America,12,1214.66,4,0
Regular Consumer,Paid Search,Europe,1,1570.46,5,0
Budget Hunter,Paid Search,North America,42,315.33,1,0
Regular Consumer,Email Referral,North America,9,1036.93,4,0
Regular Consumer,Paid Search,Asia-Pacific,3,798.37,4,0
Budget Hunter,Email Referral,North America,26,330.41,4,1
Regular Consumer,Organic/Direct,North America,9,1276.86,4,0
Budget Hunter,Organic/Direct,Europe,42,199.14,4,0
Budget Hunter,Paid Search,Europe,16,320.04,4,0
High-Tier VIP,Paid Search,Europe,24,5805.33,4,0
Corporate/Bulk,Organic/Direct,North America,14,12782.84,3,0
High-Tier VIP,Organic/Direct,North America,3,4920.11,2,1
Budget Hunter,Organic/Direct,Europe,34,404.36,4,0
Budget Hunter,Paid Search,Latin America,33,299.8,5,0
Regular Consumer,Organic/Direct,Asia-Pacific,24,987.92,5,0
Regular Consumer,Organic/Direct,Latin America,9,1581.57,5,0
Budget Hunter,Organic/Direct,Asia-Pacific,13,422.51,4,0
Regular Consumer,Organic/Direct,Europe,2,976.12,4,0
Budget Hunter,Organic/Direct,North America,7,185.61,4,0
High-Tier VIP,Social Media,Europe,21,3683.8,4,0
Budget Hunter,Paid Search,Europe,19,397.56,4,0
Regular Consumer,Social Media,Europe,25,1002.52,3,0
Budget Hunter,Paid Search,Europe,47,378.88,3,0
Regular Consumer,Social Media,Europe,22,1625.93,4,0
Regular Consumer,Social Media,North America,11,1172.09,4,0
Budget Hunter,Paid Search,Europe,33,370.47,3,0
Corporate/Bulk,Paid Search,North America,32,12883.49,3,0
Regular Consumer,Paid Search,Asia-Pacific,21,875.37,5,0
High-Tier VIP,Organic/Direct,North America,39,3630.32,4,0
High-Tier VIP,Email Referral,North America,20,5316.93,4,0
Regular Consumer,Paid Search,Europe,8,1211.09,4,0
High-Tier VIP,Email Referral,Europe,42,4636.98,4,0
Budget Hunter,Social Media,Europe,37,352.91,1,1
Budget Hunter,Paid Search,North America,9,435.6,4,1
Budget Hunter,Paid Search,Europe,25,388.12,4,0
Budget Hunter,Social Media,North America,25,389.27,3,0
Regular Consumer,Organic/Direct,Latin America,33,1566.66,3,0
Budget Hunter,Organic/Direct,Latin America,2,490.58,1,1
High-Tier VIP,Paid Search,Europe,19,7024.04,4,0
Budget Hunter,Paid Search,North America,46,299.34,1,0
Budget Hunter,Social Media,Asia-Pacific,20,566.07,4,0
Regular Consumer,Paid Search,North America,42,870.97,4,0
Budget Hunter,Paid Search,Europe,41,519.33,5,0
High-Tier VIP,Paid Search,North America,42,3786.8,4,0
Budget Hunter,Organic/Direct,Latin America,29,343.97,3,0
Corporate/Bulk,Email Referral,North America,6,11051.08,4,0
Regular Consumer,Social Media,Europe,17,939.91,4,0
Budget Hunter,Email Referral,Asia-Pacific,25,357.59,2,1
Budget Hunter,Paid Search,Europe,38,278.66,4,0
High-Tier VIP,Social Media,North America,4,3110.69,5,0
Regular Consumer,Paid Search,Latin America,30,1188.38,3,0
Regular Consumer,Social Media,Europe,20,1676.96,4,1
Regular Consumer,Email Referral,Europe,3,1123.79,5,0
Budget Hunter,Social Media,North America,23,432.34,4,0
Budget Hunter,Social Media,Europe,18,276.0,4,1
Budget Hunter,Social Media,Europe,26,237.7,3,0
High-Tier VIP,Paid Search,North America,36,5010.59,3,0
Regular Consumer,Email Referral,North America,8,1726.68,4,0
Budget Hunter,Social Media,Asia-Pacific,17,368.28,4,0
Budget Hunter,Social Media,North America,31,422.33,5,0
Budget Hunter,Social Media,North America,37,480.82,3,0
Budget Hunter,Social Media,Europe,45,346.8,4,0
Regular Consumer,Paid Search,Asia-Pacific,33,1154.38,3,0
Regular Consumer,Organic/Direct,North America,27,1341.63,2,0
High-Tier VIP,Paid Search,Europe,45,5231.27,4,0
Regular Consumer,Organic/Direct,North America,4,780.31,3,0
Budget Hunter,Organic/Direct,North America,22,375.88,3,0
Regular Consumer,Organic/Direct,North America,26,1199.8,3,0
Regular Consumer,Social Media,Asia-Pacific,32,963.14,3,1
Regular Consumer,Social Media,North America,24,1179.06,5,1
Regular Consumer,Paid Search,North America,46,850.4,4,0
Regular Consumer,Organic/Direct,Europe,35,746.72,2,0
Regular Consumer,Paid Search,Asia-Pacific,37,1220.05,5,0
Regular Consumer,Social Media,North America,32,1470.62,4,0
Budget Hunter,Paid Search,Europe,7,319.61,5,0
Budget Hunter,Paid Search,North America,33,265.94,3,0
Budget Hunter,Social Media,Europe,31,279.54,4,1
Regular Consumer,Paid Search,Europe,12,1364.68,5,0
Budget Hunter,Organic/Direct,Europe,11,495.9,3,1
Regular Consumer,Paid Search,North America,24,1431.14,5,0
High-Tier VIP,Paid Search,North America,8,5963.39,5,0
Budget Hunter,Social Media,North America,32,258.33,5,0
Regular Consumer,Paid Search,North America,38,1177.82,3,0
Regular Consumer,Paid Search,North America,22,1505.61,3,0
Budget Hunter,Organic/Direct,Asia-Pacific,34,227.57,3,0
Budget Hunter,Paid Search,Latin America,19,292.39,5,0
Budget Hunter,Organic/Direct,Latin America,20,432.43,3,0
Budget Hunter,Paid Search,Asia-Pacific,14,372.61,4,0
High-Tier VIP,Paid Search,Europe,33,3414.25,4,0
High-Tier VIP,Organic/Direct,Asia-Pacific,10,2665.33,3,0
Regular Consumer,Paid Search,North America,16,1601.19,3,1
High-Tier VIP,Paid Search,Europe,4,2189.94,4,1
High-Tier VIP,Social Media,Europe,27,5211.44,5,0
Budget Hunter,Paid Search,Europe,28,303.36,1,0
High-Tier VIP,Organic/Direct,Asia-Pacific,43,5677.95,5,0
Regular Consumer,Paid Search,North America,16,887.36,4,0
High-Tier VIP,Organic/Direct,North America,33,7441.65,4,0
High-Tier VIP,Email Referral,Latin America,19,4952.59,4,1
Budget Hunter,Social Media,North America,21,399.62,3,1
Budget Hunter,Email Referral,Europe,22,282.36,4,0
Budget Hunter,Social Media,Latin America,9,338.33,4,1
Regular Consumer,Email Referral,Europe,9,1167.77,3,0
High-Tier VIP,Paid Search,Europe,9,6520.58,4,0
High-Tier VIP,Organic/Direct,North America,27,4950.65,1,0
Budget Hunter,Social Media,North America,17,397.59,4,0
Regular Consumer,Social Media,Asia-Pacific,44,1359.79,4,0
Regular Consumer,Social Media,Europe,45,1388.58,4,0
Budget Hunter,Organic/Direct,Europe,8,228.42,2,1
Budget Hunter,Paid Search,North America,16,529.31,5,0
Budget Hunter,Paid Search,North America,18,273.22,3,1
High-Tier VIP,Organic/Direct,Latin America,33,4456.8,4,1
Budget Hunter,Organic/Direct,North America,1,484.0,4,0
Regular Consumer,Email Referral,Europe,12,1780.39,4,0
Regular Consumer,Organic/Direct,North America,6,1441.79,3,1
Budget Hunter,Email Referral,Europe,41,305.84,4,1
Corporate/Bulk,Organic/Direct,Latin America,5,11351.27,3,1
Corporate/Bulk,Paid Search,Europe,16,11459.16,4,0
Budget Hunter,Paid Search,North America,18,367.71,4,0
Regular Consumer,Organic/Direct,Europe,18,830.98,4,0
Budget Hunter,Social Media,Asia-Pacific,1,460.26,4,0
Budget Hunter,Paid Search,Europe,19,361.78,5,0
Budget Hunter,Social Media,Asia-Pacific,8,286.81,3,0
Regular Consumer,Email Referral,Europe,3,1050.48,5,0
Regular Consumer,Social Media,Asia-Pacific,25,1280.96,2,0
Budget Hunter,Social Media,Europe,5,227.25,4,0
Budget Hunter,Social Media,North America,40,426.86,4,0
High-Tier VIP,Paid Search,North America,19,4764.07,4,1
Budget Hunter,Social Media,North America,18,487.0,3,0
Budget Hunter,Social Media,Latin America,31,356.79,4,0
Regular Consumer,Paid Search,Asia-Pacific,33,874.42,2,1
Corporate/Bulk,Organic/Direct,Europe,47,7706.04,3,0
Budget Hunter,Social Media,North America,18,315.81,2,1
Regular Consumer,Organic/Direct,North America,39,1114.53,4,0
Regular Consumer,Email Referral,Asia-Pacific,16,1029.82,2,1
Budget Hunter,Paid Search,Europe,16,361.24,2,0
Regular Consumer,Organic/Direct,North America,47,1022.21,2,0
Budget Hunter,Social Media,Europe,38,372.24,3,0
Regular Consumer,Email Referral,North America,41,1043.81,5,0
Regular Consumer,Paid Search,North America,7,1389.51,5,0
Regular Consumer,Organic/Direct,Europe,14,1106.97,2,1
Budget Hunter,Social Media,North America,43,459.04,4,0
High-Tier VIP,Paid Search,Latin America,25,5233.83,4,0
Budget Hunter,Paid Search,North America,32,366.94,4,0
Budget Hunter,Organic/Direct,North America,38,331.83,4,0
Budget Hunter,Organic/Direct,North America,22,217.09,3,0
Regular Consumer,Paid Search,Asia-Pacific,16,1624.06,4,0
Regular Consumer,Social Media,Europe,29,995.77,3,1
Budget Hunter,Social Media,Europe,16,357.94,2,0
Regular Consumer,Organic/Direct,North America,12,1303.14,4,0
Budget Hunter,Paid Search,North America,17,333.94,4,1
Regular Consumer,Email Referral,Europe,37,1606.38,3,0
Budget Hunter,Paid Search,Asia-Pacific,27,243.13,4,0
Regular Consumer,Social Media,Asia-Pacific,25,1720.18,4,0
Regular Consumer,Paid Search,North America,13,1401.47,5,0
High-Tier VIP,Paid Search,Europe,8,4222.78,4,1
Budget Hunter,Social Media,Latin America,5,329.42,4,0
Budget Hunter,Paid Search,North America,12,156.03,4,0
Budget Hunter,Organic/Direct,Asia-Pacific,41,275.78,3,1
High-Tier VIP,Paid Search,North America,3,4101.86,2,0
High-Tier VIP,Social Media,Latin America,35,4698.12,3,0
Budget Hunter,Paid Search,Asia-Pacific,33,460.21,4,0
Regular Consumer,Paid Search,Latin America,22,1811.26,4,0
High-Tier VIP,Paid Search,Europe,44,4806.3,5,0
Regular Consumer,Social Media,North America,9,1261.68,4,0
Regular Consumer,Social Media,Latin America,41,1052.89,2,0
Budget Hunter,Social Media,North America,18,199.93,2,1
Budget Hunter,Social Media,North America,29,296.99,2,0
High-Tier VIP,Social Media,Asia-Pacific,39,4268.81,4,0
High-Tier VIP,Paid Search,Asia-Pacific,27,5597.32,4,0
Regular Consumer,Social Media,Latin America,36,1355.85,5,0
Budget Hunter,Email Referral,North America,45,369.39,4,0
Budget Hunter,Social Media,Asia-Pacific,17,299.18,5,0
Regular Consumer,Organic/Direct,Asia-Pacific,34,605.36,4,0
High-Tier VIP,Paid Search,North America,46,2338.02,5,0
High-Tier VIP,Organic/Direct,North America,3,2628.3,4,1
Regular Consumer,Organic/Direct,North America,5,1112.4,4,0
Regular Consumer,Social Media,North America,14,1498.21,4,1
Budget Hunter,Email Referral,Latin America,3,434.62,4,0
Budget Hunter,Paid Search,Europe,23,419.45,4,0
High-Tier VIP,Paid Search,Asia-Pacific,39,3920.52,2,1
Regular Consumer,Organic/Direct,Latin America,30,1543.28,1,0
Budget Hunter,Organic/Direct,North America,45,268.53,4,0
Budget Hunter,Paid Search,Asia-Pacific,23,424.67,4,1
Regular Consumer,Paid Search,Europe,27,697.63,2,0
Budget Hunter,Paid Search,Asia-Pacific,10,247.0,3,0
Budget Hunter,Paid Search,North America,25,494.6,3,0
Regular Consumer,Organic/Direct,Latin America,13,1138.85,4,0
Regular Consumer,Social Media,North America,16,995.71,3,0
Regular Consumer,Paid Search,North America,41,1530.83,2,0
Budget Hunter,Social Media,Asia-Pacific,34,456.52,2,0
Regular Consumer,Paid Search,North America,37,1070.02,2,0
Budget Hunter,Paid Search,Europe,22,374.37,5,0
Budget Hunter,Social Media,Europe,17,361.98,3,1
Regular Consumer,Email Referral,Asia-Pacific,23,351.87,4,0
Regular Consumer,Organic/Direct,North America,36,781.24,4,0
High-Tier VIP,Paid Search,North America,9,5560.04,5,0
Regular Consumer,Email Referral,North America,2,950.22,3,1
Regular Consumer,Organic/Direct,Europe,32,1358.95,2,0
Budget Hunter,Organic/Direct,North America,22,373.02,1,1
Budget Hunter,Social Media,North America,43,456.35,3,0
Budget Hunter,Social Media,North America,13,230.67,4,1
Budget Hunter,Paid Search,North America,8,384.49,2,1
Corporate/Bulk,Paid Search,Europe,1,10820.11,3,1
Regular Consumer,Paid Search,Asia-Pacific,17,963.07,5,0
High-Tier VIP,Paid Search,North America,12,3603.6,4,1
Regular Consumer,Social Media,Europe,4,1268.24,2,0
Regular Consumer,Organic/Direct,Europe,13,1388.9,1,0
Regular Consumer,Social Media,Europe,31,1219.08,2,0
Regular Consumer,Paid Search,Asia-Pacific,41,1228.41,5,0
Regular Consumer,Email Referral,Europe,7,1050.45,5,0
Budget Hunter,Email Referral,Europe,23,312.18,5,0
Regular Consumer,Organic/Direct,North America,24,962.26,5,0
Budget Hunter,Email Referral,Europe,5,304.62,4,0
Budget Hunter,Social Media,Europe,5,402.03,3,0
Regular Consumer,Email Referral,North America,17,1411.92,4,0
Budget Hunter,Paid Search,North America,30,238.36,4,0
High-Tier VIP,Social Media,Latin America,9,3491.51,5,0
Corporate/Bulk,Paid Search,Europe,6,9046.41,4,0
High-Tier VIP,Paid Search,Europe,25,4427.96,4,0
Budget Hunter,Paid Search,Latin America,19,202.72,5,0
Budget Hunter,Social Media,Asia-Pacific,16,273.1,2,0
High-Tier VIP,Organic/Direct,Europe,21,2941.22,5,0
Regular Consumer,Social Media,Asia-Pacific,2,1320.14,2,0
Corporate/Bulk,Paid Search,Asia-Pacific,10,10918.39,4,0
Corporate/Bulk,Organic/Direct,Europe,16,9727.99,3,0
High-Tier VIP,Social Media,Europe,37,3303.81,4,0
Budget Hunter,Social Media,North America,15,310.88,4,0
Regular Consumer,Organic/Direct,Latin America,13,1030.59,3,0
High-Tier VIP,Paid Search,Europe,13,6339.0,5,0
Budget Hunter,Paid Search,North America,32,437.24,4,0
Budget Hunter,Email Referral,Asia-Pacific,45,289.56,4,1
Regular Consumer,Paid Search,Europe,47,1249.56,2,0
High-Tier VIP,Social Media,North America,46,5562.23,5,0
Regular Consumer,Email Referral,Europe,8,992.7,2,0
Regular Consumer,Organic/Direct,Europe,43,774.87,3,0
Budget Hunter,Paid Search,Asia-Pacific,18,192.77,2,1
Regular Consumer,Paid Search,North America,36,1581.68,4,0
Corporate/Bulk,Paid Search,Asia-Pacific,26,10474.58,5,0
Budget Hunter,Social Media,Europe,10,375.49,3,1
Regular Consumer,Social Media,North America,31,1027.73,3,0
High-Tier VIP,Paid Search,Latin America,33,3073.61,5,0
Regular Consumer,Email Referral,Europe,29,875.61,4,0
Regular Consumer,Social Media,North America,5,797.69,4,0
Regular Consumer,Paid Search,Europe,13,1455.0,3,0
Budget Hunter,Social Media,Asia-Pacific,1,480.6,4,1
Budget Hunter,Organic/Direct,North America,23,353.26,3,1
High-Tier VIP,Paid Search,North America,40,2792.48,5,0
High-Tier VIP,Paid Search,North America,3,5058.66,4,0
High-Tier VIP,Organic/Direct,North America,3,5923.11,4,0
High-Tier VIP,Social Media,Asia-Pacific,7,5593.13,2,0
Regular Consumer,Social Media,Europe,36,1191.26,3,0
Regular Consumer,Social Media,North America,35,1129.66,2,0
Regular Consumer,Paid Search,North America,15,1188.85,3,0
Regular Consumer,Paid Search,North America,40,1567.57,3,0
Regular Consumer,Social Media,Latin America,3,1428.11,4,1
Regular Consumer,Paid Search,North America,29,1084.27,2,1
High-Tier VIP,Paid Search,Latin America,30,4037.72,4,1
Budget Hunter,Organic/Direct,Europe,39,307.85,1,1
Budget Hunter,Email Referral,North America,18,256.84,3,1
Budget Hunter,Organic/Direct,Asia-Pacific,11,468.29,4,1
Regular Consumer,Email Referral,Europe,43,963.65,4,0
Budget Hunter,Paid Search,Asia-Pacific,38,392.9,4,0
Regular Consumer,Email Referral,Latin America,40,1001.57,1,1
Regular Consumer,Paid Search,North America,1,1056.83,4,0
Budget Hunter,Email Referral,North America,29,340.04,4,1
Regular Consumer,Email Referral,Asia-Pacific,10,1363.57,3,0
Budget Hunter,Organic/Direct,North America,28,327.32,4,0
Budget Hunter,Email Referral,North America,31,250.32,4,0
High-Tier VIP,Social Media,North America,19,4521.47,2,1
Budget Hunter,Paid Search,North America,3,282.92,5,0
Budget Hunter,Social Media,Asia-Pacific,36,485.09,4,0
Regular Consumer,Social Media,North America,43,1122.02,1,1
Regular Consumer,Paid Search,Europe,15,999.61,4,0
Budget Hunter,Social Media,Europe,33,522.8,2,1
Regular Consumer,Email Referral,Europe,41,1421.67,5,0
Budget Hunter,Paid Search,North America,43,271.53,4,0
Budget Hunter,Organic/Direct,Asia-Pacific,45,280.8,2,0
Regular Consumer,Email Referral,North America,26,1342.25,1,0
Regular Consumer,Email Referral,Asia-Pacific,16,1213.04,1,0
Regular Consumer,Email Referral,Asia-Pacific,36,1467.05,4,0
Regular Consumer,Social Media,Europe,33,1001.2,4,0
Corporate/Bulk,Email Referral,Europe,20,12928.05,2,0
Regular Consumer,Organic/Direct,Europe,13,528.51,3,1
Budget Hunter,Paid Search,North America,33,336.49,3,0
Regular Consumer,Social Media,Asia-Pacific,5,1014.85,3,0
Budget Hunter,Organic/Direct,Asia-Pacific,37,310.18,3,0
Regular Consumer,Paid Search,North America,14,1169.14,4,0
Budget Hunter,Social Media,Europe,27,449.62,4,0
Budget Hunter,Organic/Direct,Latin America,23,249.02,5,0
Corporate/Bulk,Paid Search,Latin America,14,4982.88,5,0
High-Tier VIP,Social Media,Europe,40,3332.19,4,0
Regular Consumer,Organic/Direct,Europe,4,1506.73,4,0
Regular Consumer,Social Media,North America,39,706.5,5,0
Budget Hunter,Paid Search,Latin America,19,299.95,2,0
Budget Hunter,Paid Search,North America,47,423.46,1,0
Budget Hunter,Social Media,Europe,4,344.89,1,1
Regular Consumer,Email Referral,North America,30,1538.61,4,0
Regular Consumer,Paid Search,North America,19,589.53,4,0
Regular Consumer,Social Media,Europe,31,1103.52,3,0
Budget Hunter,Paid Search,Latin America,31,467.0,4,0
Corporate/Bulk,Paid Search,North America,9,7901.08,4,1
Regular Consumer,Organic/Direct,Europe,13,1510.44,2,0
Regular Consumer,Organic/Direct,North America,14,1129.29,3,0
Regular Consumer,Paid Search,North America,46,1330.24,1,0
Regular Consumer,Social Media,Europe,10,1579.4,2,1
Budget Hunter,Paid Search,Europe,31,387.61,5,0
Budget Hunter,Social Media,North America,37,298.27,5,0
Regular Consumer,Organic/Direct,North America,23,1368.62,5,0
Budget Hunter,Paid Search,North America,27,292.09,4,0
Budget Hunter,Paid Search,North America,6,373.92,4,0
Budget Hunter,Social Media,Latin America,26,240.46,4,0
Budget Hunter,Email Referral,Latin America,2,352.55,4,0
High-Tier VIP,Email Referral,North America,45,5837.95,4,0
Regular Consumer,Paid Search,Europe,13,1110.37,4,0
Regular Consumer,Organic/Direct,Latin America,19,1528.11,3,1
Budget Hunter,Social Media,North America,1,620.68,4,0
Regular Consumer,Social Media,Asia-Pacific,40,1191.32,3,0
Regular Consumer,Organic/Direct,Latin America,32,1384.26,4,0
Budget Hunter,Email Referral,North America,22,391.73,4,0
Regular Consumer,Email Referral,North America,29,1267.53,3,0
Regular Consumer,Social Media,Latin America,2,1436.37,5,0
Regular Consumer,Social Media,Europe,40,1125.57,3,1
Regular Consumer,Organic/Direct,North America,38,1001.24,3,0
Budget Hunter,Paid Search,North America,11,216.45,2,0
Budget Hunter,Social Media,Europe,17,320.01,5,0
Regular Consumer,Social Media,Europe,43,1470.43,4,0
Regular Consumer,Organic/Direct,Asia-Pacific,8,918.06,4,0
High-Tier VIP,Paid Search,Latin America,22,4777.51,5,0
Regular Consumer,Paid Search,North America,4,1163.07,3,1
Budget Hunter,Email Referral,Europe,11,295.69,3,0
Budget Hunter,Paid Search,Europe,8,187.86,3,0
Regular Consumer,Social Media,Europe,9,1608.86,4,1
Budget Hunter,Paid Search,North America,26,395.25,4,0
Regular Consumer,Paid Search,Latin America,2,1999.59,3,1
High-Tier VIP,Paid Search,Asia-Pacific,16,5714.34,2,1
Regular Consumer,Paid Search,Europe,31,1602.16,2,0
Regular Consumer,Email Referral,Europe,6,675.19,4,0
Regular Consumer,Paid Search,North America,21,669.95,1,1
Regular Consumer,Email Referral,Europe,26,1212.69,1,0
Regular Consumer,Social Media,Europe,19,855.57,3,1
High-Tier VIP,Social Media,Europe,28,3733.55,4,0
Regular Consumer,Social Media,Latin America,8,1957.88,4,0
Corporate/Bulk,Social Media,Europe,14,14272.16,4,0
High-Tier VIP,Organic/Direct,North America,24,3447.39,4,0
Budget Hunter,Paid Search,Asia-Pacific,44,142.96,4,0
Budget Hunter,Social Media,North America,37,260.76,5,0
Budget Hunter,Email Referral,North America,26,301.25,2,1
Budget Hunter,Email Referral,North America,31,321.89,4,0
Budget Hunter,Email Referral,Europe,32,238.08,4,0
Regular Consumer,Social Media,Asia-Pacific,41,1538.96,3,0
Budget Hunter,Organic/Direct,Europe,2,287.75,4,0
Budget Hunter,Social Media,Asia-Pacific,25,406.75,3,1
High-Tier VIP,Social Media,Europe,44,4560.62,3,0
Budget Hunter,Paid Search,North America,2,432.12,3,1
High-Tier VIP,Social Media,Asia-Pacific,42,4232.34,3,0
Budget Hunter,Paid Search,North America,1,269.06,4,1
Budget Hunter,Paid Search,North America,36,297.62,4,0
Regular Consumer,Email Referral,Europe,12,1024.65,4,0
Regular Consumer,Paid Search,North America,9,1819.37,4,0
High-Tier VIP,Paid Search,North America,36,4586.07,2,1
Regular Consumer,Paid Search,Europe,41,1201.39,4,0
High-Tier VIP,Email Referral,Europe,28,5492.28,5,0
Budget Hunter,Social Media,Europe,38,349.99,2,0
Budget Hunter,Social Media,Latin America,33,448.15,4,0
Regular Consumer,Organic/Direct,Europe,42,1088.38,4,0
High-Tier VIP,Organic/Direct,Asia-Pacific,46,3967.16,4,0
Corporate/Bulk,Paid Search,North America,22,8304.25,2,1
Regular Consumer,Organic/Direct,Europe,25,1755.01,3,0
Budget Hunter,Organic/Direct,Asia-Pacific,18,343.89,4,0
Regular Consumer,Organic/Direct,Europe,6,847.79,5,0
Budget Hunter,Paid Search,Asia-Pacific,18,367.22,2,0
High-Tier VIP,Email Referral,North America,16,3768.69,5,1
High-Tier VIP,Social Media,North America,15,4061.7,3,0
Regular Consumer,Paid Search,Europe,8,1293.23,3,0
Regular Consumer,Social Media,North America,13,1656.3,4,0
Regular Consumer,Paid Search,Asia-Pacific,43,1230.48,4,0
Budget Hunter,Paid Search,North America,7,287.78,3,1
High-Tier VIP,Organic/Direct,Latin America,17,3931.97,3,1
Regular Consumer,Paid Search,Latin America,32,1396.93,5,0
High-Tier VIP,Social Media,North America,22,2296.87,5,0
Budget Hunter,Social Media,North America,13,258.77,3,1
High-Tier VIP,Paid Search,Asia-Pacific,47,4739.23,2,0
Regular Consumer,Email Referral,Latin America,23,688.0,4,0
Budget Hunter,Paid Search,Europe,29,322.65,4,0
High-Tier VIP,Paid Search,North America,22,3961.95,2,0
Budget Hunter,Paid Search,Europe,1,426.78,5,0
Budget Hunter,Paid Search,Europe,29,328.1,2,1
Corporate/Bulk,Paid Search,North America,5,14263.4,4,0
Corporate/Bulk,Organic/Direct,Asia-Pacific,35,11216.9,4,0
Regular Consumer,Email Referral,North America,10,1732.94,4,0
Regular Consumer,Paid Search,North America,19,783.75,3,0
Regular Consumer,Organic/Direct,North America,37,1685.14,4,1
Budget Hunter,Organic/Direct,North America,7,314.03,5,0
Budget Hunter,Organic/Direct,North America,46,478.97,4,0
Regular Consumer,Social Media,Europe,35,1555.57,4,0
Regular Consumer,Paid Search,North America,45,344.43,3,0
Regular Consumer,Paid Search,North America,13,1343.75,5,1
Regular Consumer,Organic/Direct,North America,10,1499.29,5,0
Budget Hunter,Organic/Direct,Latin America,2,466.25,4,1
Regular Consumer,Paid Search,Europe,6,847.01,4,0
Budget Hunter,Social Media,Europe,8,401.66,5,1
Regular Consumer,Email Referral,Europe,36,1258.52,2,1
Regular Consumer,Organic/Direct,Latin America,25,1329.42,4,0
High-Tier VIP,Email Referral,North America,44,5623.8,4,0
Budget Hunter,Organic/Direct,Europe,47,451.21,4,0
Budget Hunter,Social Media,Asia-Pacific,40,292.62,5,0
Budget Hunter,Social Media,Europe,7,373.22,4,0
Regular Consumer,Organic/Direct,North America,46,1212.34,2,1
Regular Consumer,Paid Search,Europe,23,1128.19,3,0
Budget Hunter,Social Media,North America,19,337.42,3,0
Budget Hunter,Organic/Direct,Europe,46,367.15,4,0
Regular Consumer,Paid Search,Asia-Pacific,22,1019.41,3,0
Budget Hunter,Organic/Direct,North America,13,427.27,2,0
High-Tier VIP,Social Media,Asia-Pacific,21,5927.97,4,0
Regular Consumer,Email Referral,North America,1,953.83,5,0
Budget Hunter,Paid Search,Asia-Pacific,19,465.35,5,0
Budget Hunter,Paid Search,Europe,33,278.36,5,0
Corporate/Bulk,Social Media,North America,4,13468.91,4,0
Budget Hunter,Paid Search,North America,42,465.19,2,0
Budget Hunter,Organic/Direct,Latin America,3,341.73,5,0
High-Tier VIP,Organic/Direct,North America,27,3588.19,3,0
High-Tier VIP,Paid Search,North America,41,3837.73,4,0
Corporate/Bulk,Social Media,North America,35,11995.11,4,0
Regular Consumer,Social Media,Europe,28,1789.4,5,0
Budget Hunter,Social Media,Europe,6,201.89,4,1
Budget Hunter,Email Referral,North America,6,358.77,2,1
Regular Consumer,Organic/Direct,North America,44,1173.58,4,0
Regular Consumer,Organic/Direct,North America,23,1063.04,2,1
Regular Consumer,Organic/Direct,North America,33,1175.77,5,0
High-Tier VIP,Social Media,Europe,16,3890.03,4,0
Budget Hunter,Email Referral,Asia-Pacific,24,458.78,4,0
Regular Consumer,Organic/Direct,North America,5,1602.75,5,0
Budget Hunter,Organic/Direct,North America,41,357.71,4,0
Regular Consumer,Email Referral,North America,42,1157.66,3,0
Budget Hunter,Paid Search,Latin America,13,306.86,3,0
Budget Hunter,Organic/Direct,Latin America,47,357.9,4,0
Budget Hunter,Paid Search,Asia-Pacific,12,511.69,5,0
Regular Consumer,Paid Search,North America,5,1168.88,4,0
Regular Consumer,Paid Search,North America,37,948.17,5,0
Regular Consumer,Email Referral,North America,31,1080.67,2,0
Corporate/Bulk,Email Referral,North America,28,13072.04,3,0
Budget Hunter,Organic/Direct,Europe,28,287.2,2,0
Budget Hunter,Organic/Direct,Asia-Pacific,30,347.05,4,1
High-Tier VIP,Social Media,Asia-Pacific,18,5031.99,2,0
Budget Hunter,Email Referral,Asia-Pacific,44,293.84,2,0
Corporate/Bulk,Social Media,North America,27,6147.88,4,0
Budget Hunter,Social Media,Europe,35,256.25,4,0
Corporate/Bulk,Paid Search,North America,26,8638.39,4,0
Budget Hunter,Organic/Direct,North America,39,329.98,4,0
High-Tier VIP,Organic/Direct,Asia-Pacific,18,4549.84,4,0
Regular Consumer,Social Media,North America,33,1447.11,4,0
Corporate/Bulk,Paid Search,Europe,25,7625.05,5,0
Budget Hunter,Organic/Direct,North America,31,409.35,3,0
Regular Consumer,Paid Search,Europe,37,1088.72,3,0
Corporate/Bulk,Organic/Direct,Asia-Pacific,2,6089.74,3,1
Regular Consumer,Email Referral,North America,33,1204.07,3,1
Regular Consumer,Social Media,Asia-Pacific,39,1594.88,5,0
Regular Consumer,Paid Search,North America,43,1464.93,2,0
Regular Consumer,Organic/Direct,Europe,43,1177.12,5,0
Regular Consumer,Organic/Direct,Asia-Pacific,32,1537.73,3,0
Regular Consumer,Social Media,Europe,18,1257.67,5,0
High-Tier VIP,Email Referral,Latin America,17,5603.84,4,0
Budget Hunter,Paid Search,North America,34,204.61,4,1
Budget Hunter,Social Media,Europe,39,240.65,4,0
Corporate/Bulk,Organic/Direct,Europe,7,13004.85,3,0
High-Tier VIP,Email Referral,Latin America,42,6231.69,4,0
Regular Consumer,Paid Search,North America,35,1325.19,3,1
Regular Consumer,Organic/Direct,Asia-Pacific,30,1050.8,4,0
Budget Hunter,Social Media,Europe,12,275.58,4,1
Budget Hunter,Social Media,North America,35,322.41,3,1
Regular Consumer,Paid Search,Europe,11,1564.09,5,0
Budget Hunter,Email Referral,North America,44,320.03,3,1
Regular Consumer,Paid Search,Europe,4,1514.33,4,0
Budget Hunter,Paid Search,Asia-Pacific,25,407.1,5,0
Corporate/Bulk,Paid Search,Europe,32,15713.3,4,0
Corporate/Bulk,Email Referral,Europe,20,11550.72,4,0
Regular Consumer,Organic/Direct,Europe,31,1185.12,4,0
Regular Consumer,Organic/Direct,North America,4,1529.3,5,0
Budget Hunter,Paid Search,North America,38,268.16,3,1
High-Tier VIP,Social Media,Europe,47,4000.48,4,0
Regular Consumer,Social Media,North America,1,696.0,4,1
Budget Hunter,Organic/Direct,North America,3,240.25,1,1
High-Tier VIP,Email Referral,Europe,37,6663.79,2,0
High-Tier VIP,Paid Search,North America,22,5278.85,3,0
High-Tier VIP,Organic/Direct,North America,17,2957.96,4,0
Regular Consumer,Paid Search,Europe,14,1558.45,5,1
Regular Consumer,Social Media,North America,41,988.89,4,0
Regular Consumer,Paid Search,Latin America,35,1392.29,4,0
High-Tier VIP,Paid Search,Asia-Pacific,13,5204.27,2,0
High-Tier VIP,Social Media,Asia-Pacific,35,6373.11,3,0
Budget Hunter,Social Media,North America,43,302.95,3,0
Budget Hunter,Paid Search,Asia-Pacific,2,285.23,4,0
Budget Hunter,Organic/Direct,Asia-Pacific,47,114.71,2,0
High-Tier VIP,Social Media,Asia-Pacific,13,4363.01,4,0
Corporate/Bulk,Paid Search,North America,16,12994.66,5,0
Budget Hunter,Organic/Direct,Europe,18,425.42,4,0
Regular Consumer,Paid Search,Asia-Pacific,7,1575.72,4,0
Regular Consumer,Social Media,Europe,45,1286.94,4,0
Corporate/Bulk,Organic/Direct,Europe,36,12388.15,3,0
High-Tier VIP,Paid Search,Europe,41,4576.64,2,1
High-Tier VIP,Paid Search,Europe,30,5295.89,5,0
Regular Consumer,Social Media,North America,42,919.73,4,0
Regular Consumer,Email Referral,Europe,41,777.46,4,0
Budget Hunter,Social Media,North America,7,277.49,3,1
Budget Hunter,Organic/Direct,Europe,15,368.69,4,1
High-Tier VIP,Social Media,North America,40,3037.02,1,0
High-Tier VIP,Paid Search,Europe,19,3787.6,2,0
Corporate/Bulk,Social Media,North America,43,9346.44,3,0
Corporate/Bulk,Organic/Direct,Europe,37,13150.01,4,0
Regular Consumer,Paid Search,Asia-Pacific,2,1398.03,2,0
Regular Consumer,Paid Search,North America,42,1221.15,2,0
High-Tier VIP,Paid Search,North America,13,5007.45,4,0
High-Tier VIP,Social Media,North America,40,5029.64,4,0
Budget Hunter,Email Referral,Asia-Pacific,41,318.18,4,0
Regular Consumer,Paid Search,Europe,43,1037.25,4,0
Budget Hunter,Social Media,Europe,43,484.46,5,0
Corporate/Bulk,Paid Search,North America,31,4154.9,1,1
Regular Consumer,Email Referral,Europe,16,977.61,3,0
Budget Hunter,Paid Search,Asia-Pacific,42,332.17,4,0
Regular Consumer,Social Media,Asia-Pacific,44,1367.99,2,0
Regular Consumer,Organic/Direct,Europe,6,1540.65,4,0
Budget Hunter,Organic/Direct,North America,28,512.46,4,0
Budget Hunter,Social Media,North America,32,341.98,5,0
Regular Consumer,Paid Search,North America,44,1192.58,5,0
Regular Consumer,Social Media,North America,10,1308.78,5,0
Regular Consumer,Paid Search,North America,18,1040.66,2,0
Regular Consumer,Paid Search,North America,4,844.73,5,1
High-Tier VIP,Social Media,North America,9,4391.72,2,0
Regular Consumer,Paid Search,Latin America,7,1423.61,4,0
Regular Consumer,Paid Search,Europe,8,1127.12,4,0
High-Tier VIP,Organic/Direct,Asia-Pacific,43,4965.11,2,0
Regular Consumer,Email Referral,Asia-Pacific,7,639.35,4,0
Budget Hunter,Social Media,North America,41,351.61,1,1
Budget Hunter,Paid Search,Asia-Pacific,40,314.7,3,0
Regular Consumer,Paid Search,North America,3,817.46,5,0
Regular Consumer,Email Referral,Europe,17,1397.16,2,1
Regular Consumer,Paid Search,North America,2,1753.69,2,1
Budget Hunter,Paid Search,Latin America,15,436.62,4,1
Budget Hunter,Social Media,North America,46,442.2,5,0
Budget Hunter,Social Media,North America,29,412.34,2,1
Budget Hunter,Social Media,Latin America,22,406.56,3,1
Regular Consumer,Paid Search,North America,4,660.17,5,0
Regular Consumer,Paid Search,Europe,6,1161.61,2,0
Regular Consumer,Email Referral,Asia-Pacific,38,1352.6,3,0
High-Tier VIP,Paid Search,Asia-Pacific,26,5097.83,4,0
Budget Hunter,Organic/Direct,Latin America,11,461.27,4,0
Regular Consumer,Organic/Direct,Latin America,26,890.28,5,0
Regular Consumer,Social Media,North America,17,1382.18,2,0
Regular Consumer,Paid Search,Asia-Pacific,24,880.49,5,0
Regular Consumer,Paid Search,Europe,28,1136.49,5,0
High-Tier VIP,Social Media,Europe,35,4430.29,2,1
High-Tier VIP,Email Referral,North America,31,5470.39,1,1
Budget Hunter,Email Referral,Europe,13,415.18,5,0
High-Tier VIP,Paid Search,Latin America,35,4635.37,4,0
Regular Consumer,Paid Search,Latin America,16,554.39,4,0
Budget Hunter,Email Referral,Europe,15,388.92,4,1
Regular Consumer,Organic/Direct,North America,43,1119.7,4,0
Corporate/Bulk,Email Referral,North America,18,14827.47,5,0
Regular Consumer,Paid Search,Asia-Pacific,47,1546.05,3,0
Budget Hunter,Social Media,Asia-Pacific,37,267.92,3,0
Regular Consumer,Organic/Direct,Europe,41,1374.65,5,0
Budget Hunter,Organic/Direct,North America,27,402.67,5,0
Budget Hunter,Social Media,Europe,35,396.3,4,0
Budget Hunter,Paid Search,Europe,45,384.96,5,0
Budget Hunter,Social Media,Latin America,35,405.14,4,0
Budget Hunter,Paid Search,Europe,28,481.38,3,1
Budget Hunter,Social Media,North America,39,301.75,5,0
Regular Consumer,Email Referral,Europe,38,928.26,4,0
Budget Hunter,Social Media,North America,9,418.49,1,1
Budget Hunter,Organic/Direct,Latin America,12,185.21,3,0
High-Tier VIP,Paid Search,North America,15,5235.78,4,0
Regular Consumer,Organic/Direct,Europe,21,1343.08,5,0
Regular Consumer,Email Referral,North America,35,496.35,3,0
Budget Hunter,Paid Search,Europe,42,294.32,3,0
Budget Hunter,Paid Search,Europe,33,487.9,4,0
Budget Hunter,Social Media,Asia-Pacific,19,222.5,5,0
Budget Hunter,Paid Search,North America,23,368.6,4,0
Budget Hunter,Organic/Direct,North America,13,262.07,4,1
Budget Hunter,Email Referral,North America,44,287.97,4,0
Budget Hunter,Social Media,Europe,1,517.68,3,0
Budget Hunter,Paid Search,North America,29,360.8,4,0
Regular Consumer,Social Media,Europe,24,1355.09,3,0
Budget Hunter,Organic/Direct,Asia-Pacific,16,340.16,5,0
Budget Hunter,Paid Search,Asia-Pacific,25,217.43,2,0
Regular Consumer,Social Media,Europe,23,844.52,4,0
Regular Consumer,Social Media,Europe,28,1553.53,3,0
Budget Hunter,Social Media,North America,47,363.38,4,0
Regular Consumer,Paid Search,Europe,16,968.91,3,0
Regular Consumer,Organic/Direct,Asia-Pacific,43,1193.38,3,0
Budget Hunter,Paid Search,North America,38,407.89,3,1
High-Tier VIP,Paid Search,Europe,11,5011.3,4,1
High-Tier VIP,Email Referral,Asia-Pacific,3,3633.99,3,0
Budget Hunter,Organic/Direct,Asia-Pacific,15,212.16,4,0
Budget Hunter,Paid Search,North America,1,314.38,4,0
High-Tier VIP,Paid Search,Europe,7,5747.68,4,0
Regular Consumer,Paid Search,North America,1,1456.31,4,0
Budget Hunter,Paid Search,North America,32,385.91,5,0
Budget Hunter,Paid Search,Latin America,9,335.05,3,0
Budget Hunter,Paid Search,Asia-Pacific,29,304.78,3,0
Regular Consumer,Social Media,Asia-Pacific,26,1154.3,5,0
Regular Consumer,Organic/Direct,North America,23,1434.53,2,0
Budget Hunter,Social Media,Asia-Pacific,45,438.39,5,0
Regular Consumer,Organic/Direct,Europe,43,1121.46,2,0
Regular Consumer,Paid Search,North America,29,1960.87,4,0
Budget Hunter,Email Referral,Europe,38,358.09,2,1
Budget Hunter,Organic/Direct,North America,33,319.64,5,0
Regular Consumer,Organic/Direct,Asia-Pacific,7,1642.7,4,0
High-Tier VIP,Organic/Direct,Europe,12,2206.92,3,0
Regular Consumer,Email Referral,North America,31,1344.01,2,0
Regular Consumer,Social Media,North America,32,1178.16,3,0
Budget Hunter,Paid Search,North America,20,476.72,4,0
Regular Consumer,Social Media,North America,17,1381.48,3,0
Regular Consumer,Organic/Direct,Europe,36,1241.73,3,0
Budget Hunter,Organic/Direct,Asia-Pacific,3,407.98,4,0
Budget Hunter,Social Media,North America,1,257.64,4,1
Budget Hunter,Paid Search,North America,27,434.6,2,1
Budget Hunter,Social Media,Europe,47,232.35,2,0
Budget Hunter,Email Referral,Asia-Pacific,40,381.37,4,0
Budget Hunter,Social Media,North America,33,353.12,5,0
Budget Hunter,Social Media,North America,20,195.73,3,0
Budget Hunter,Paid Search,Europe,14,356.03,4,1
High-Tier VIP,Social Media,North America,36,4817.24,2,1
Regular Consumer,Email Referral,North America,5,1003.54,3,0
Regular Consumer,Organic/Direct,Asia-Pacific,23,896.27,4,0
Regular Consumer,Organic/Direct,Europe,45,1347.65,3,0
Regular Consumer,Social Media,Europe,15,1308.69,4,1
Budget Hunter,Social Media,Asia-Pacific,6,369.85,5,0
Regular Consumer,Paid Search,Europe,33,1202.65,5,0
Regular Consumer,Organic/Direct,North America,19,1030.03,2,0
Regular Consumer,Social Media,North America,13,1881.65,3,0
Regular Consumer,Social Media,North America,29,1110.5,5,0
Budget Hunter,Social Media,North America,6,274.3,3,0
Budget Hunter,Email Referral,Europe,15,354.76,4,1
Budget Hunter,Paid Search,Asia-Pacific,16,334.17,3,0
Regular Consumer,Organic/Direct,Latin America,24,1103.55,3,0
Regular Consumer,Paid Search,Europe,23,1762.28,3,0
Budget Hunter,Social Media,North America,10,251.15,5,0
Corporate/Bulk,Paid Search,North America,41,11102.95,5,0
Regular Consumer,Paid Search,Asia-Pacific,41,881.2,3,0
Budget Hunter,Social Media,Europe,17,302.66,5,0
Budget Hunter,Paid Search,Europe,44,501.91,3,0
Budget Hunter,Social Media,Asia-Pacific,45,374.63,2,0
Budget Hunter,Email Referral,Asia-Pacific,30,373.57,4,1
Budget Hunter,Paid Search,Asia-Pacific,44,267.8,4,1
Budget Hunter,Organic/Direct,North America,46,312.85,3,0
Budget Hunter,Social Media,Asia-Pacific,10,509.52,3,1
Budget Hunter,Organic/Direct,Asia-Pacific,19,393.69,5,0
High-Tier VIP,Paid Search,North America,29,4117.82,5,1
Budget Hunter,Paid Search,Europe,2,388.55,5,0
Regular Consumer,Paid Search,North America,36,1280.3,2,0
Regular Consumer,Paid Search,Latin America,19,948.17,4,0
Corporate/Bulk,Paid Search,North America,7,9985.78,3,0
Budget Hunter,Organic/Direct,Europe,26,547.27,5,0
Regular Consumer,Email Referral,North America,15,1317.6,1,0
Corporate/Bulk,Organic/Direct,Asia-Pacific,47,6685.13,3,0
High-Tier VIP,Organic/Direct,North America,38,5073.99,4,0
High-Tier VIP,Paid Search,North America,3,5965.97,5,0
Budget Hunter,Paid Search,Europe,38,270.87,4,1
Budget Hunter,Paid Search,Latin America,16,310.03,3,1
Regular Consumer,Paid Search,North America,2,1636.13,4,0
High-Tier VIP,Social Media,North America,31,4539.28,5,0
Regular Consumer,Social Media,Asia-Pacific,28,1157.14,1,1
Regular Consumer,Social Media,Europe,7,799.18,5,0
Budget Hunter,Social Media,Latin America,30,443.67,5,0
Regular Consumer,Organic/Direct,North America,43,1143.46,1,0
Budget Hunter,Organic/Direct,Europe,7,160.04,1,0
Budget Hunter,Paid Search,North America,36,212.39,3,0
Regular Consumer,Email Referral,North America,29,1031.53,2,0
Regular Consumer,Email Referral,Europe,24,878.15,4,0
Budget Hunter,Paid Search,Europe,39,269.85,4,0
Budget Hunter,Social Media,Asia-Pacific,4,555.16,4,0
Regular Consumer,Social Media,North America,29,1412.26,3,0
Budget Hunter,Email Referral,Europe,44,124.48,4,0
Regular Consumer,Email Referral,Europe,5,1105.7,4,0
Budget Hunter,Paid Search,Latin America,29,342.17,5,0
Regular Consumer,Social Media,North America,30,756.92,2,1
Regular Consumer,Social Media,North America,29,1360.32,4,0
Budget Hunter,Social Media,North America,26,171.38,5,0
Budget Hunter,Paid Search,Europe,19,445.98,4,0
Budget Hunter,Email Referral,North America,26,476.13,3,0
Budget Hunter,Organic/Direct,Latin America,37,555.85,2,0
Corporate/Bulk,Organic/Direct,North America,27,6670.59,5,0
Budget Hunter,Email Referral,Asia-Pacific,30,230.05,3,0
High-Tier VIP,Organic/Direct,North America,30,5279.26,5,0
Budget Hunter,Social Media,Europe,3,453.48,5,0
Regular Consumer,Social Media,Latin America,43,1442.69,3,0
Regular Consumer,Paid Search,North America,7,1523.92,4,1
Regular Consumer,Organic/Direct,Latin America,9,1613.05,1,1
Regular Consumer,Paid Search,Europe,41,1260.68,3,0
Regular Consumer,Organic/Direct,Latin America,42,1136.24,4,0
Budget Hunter,Paid Search,Europe,13,230.28,4,1
High-Tier VIP,Paid Search,North America,15,4164.63,3,0
High-Tier VIP,Paid Search,North America,5,4337.0,5,0
Corporate/Bulk,Paid Search,North America,29,8388.37,3,0
Budget Hunter,Organic/Direct,North America,35,346.66,4,0
Regular Consumer,Organic/Direct,North America,27,881.29,4,0
High-Tier VIP,Social Media,North America,27,5752.5,3,0
Budget Hunter,Paid Search,Europe,8,387.26,5,1
Budget Hunter,Paid Search,Asia-Pacific,32,309.78,4,0
Regular Consumer,Paid Search,North America,20,1256.65,4,0
Regular Consumer,Paid Search,North America,10,868.47,4,0
High-Tier VIP,Email Referral,Europe,13,3370.85,2,0
Budget Hunter,Paid Search,North America,29,294.54,3,0
Regular Consumer,Social Media,North America,35,1142.42,4,0
Budget Hunter,Paid Search,North America,8,362.36,5,0
Budget Hunter,Paid Search,Latin America,29,362.7,5,1
Budget Hunter,Social Media,Asia-Pacific,31,234.61,3,0
High-Tier VIP,Social Media,North America,41,4409.18,4,0
Regular Consumer,Paid Search,Europe,30,954.58,2,1
Regular Consumer,Paid Search,Europe,22,177.31,2,1
Budget Hunter,Social Media,Europe,21,619.11,4,1
High-Tier VIP,Paid Search,Europe,12,3601.52,4,0
Regular Consumer,Paid Search,Europe,11,977.05,3,0
High-Tier VIP,Email Referral,North America,2,2985.26,4,0
Regular Consumer,Social Media,North America,41,882.75,4,0
Budget Hunter,Social Media,Europe,2,333.49,3,1
Regular Consumer,Social Media,Asia-Pacific,34,1605.54,4,0
Budget Hunter,Social Media,Europe,3,332.99,3,0
Regular Consumer,Social Media,Asia-Pacific,16,1102.93,4,0
Regular Consumer,Organic/Direct,Latin America,4,1560.08,5,0
Budget Hunter,Organic/Direct,North America,23,304.12,4,0
High-Tier VIP,Paid Search,Europe,20,4523.79,5,0
Regular Consumer,Social Media,Europe,25,923.53,1,0
Regular Consumer,Social Media,Latin America,30,1705.54,4,0
High-Tier VIP,Email Referral,Latin America,18,5679.57,4,0
Regular Consumer,Social Media,Europe,42,1154.1,4,0
Budget Hunter,Social Media,North America,11,315.05,5,0
High-Tier VIP,Paid Search,Asia-Pacific,29,4464.18,4,0
Regular Consumer,Social Media,North America,17,1158.49,4,0
Budget Hunter,Paid Search,Asia-Pacific,26,214.65,3,0
Budget Hunter,Paid Search,Latin America,23,444.73,3,0
Regular Consumer,Paid Search,North America,20,1131.86,4,0
Regular Consumer,Organic/Direct,Europe,45,1769.5,4,0
Regular Consumer,Paid Search,Europe,2,1326.54,5,0
High-Tier VIP,Social Media,Europe,24,1663.78,3,1
Regular Consumer,Email Referral,North America,31,815.51,3,0
Budget Hunter,Paid Search,Asia-Pacific,27,162.22,4,0
Budget Hunter,Social Media,Latin America,2,236.77,5,1
Budget Hunter,Social Media,Latin America,14,207.06,5,0
Regular Consumer,Paid Search,North America,4,1275.77,3,0
Budget Hunter,Organic/Direct,Asia-Pacific,13,322.34,2,0
Regular Consumer,Paid Search,Asia-Pacific,36,1422.16,4,0
Regular Consumer,Social Media,North America,35,1188.57,3,0
High-Tier VIP,Social Media,North America,44,4229.65,5,0
Budget Hunter,Social Media,North America,8,525.28,4,0
High-Tier VIP,Organic/Direct,Latin America,2,4750.68,3,0
Budget Hunter,Paid Search,Europe,6,342.96,3,1
High-Tier VIP,Paid Search,Asia-Pacific,31,3539.88,3,0
Budget Hunter,Organic/Direct,North America,10,247.11,5,0
Regular Consumer,Social Media,Asia-Pacific,44,1431.15,2,0
Regular Consumer,Organic/Direct,North America,21,1413.21,3,0
Budget Hunter,Organic/Direct,North America,42,487.51,5,0
Budget Hunter,Organic/Direct,Europe,10,391.9,2,0
Regular Consumer,Social Media,North America,23,1082.07,4,1
Regular Consumer,Paid Search,Asia-Pacific,3,1353.3,3,0
Regular Consumer,Organic/Direct,North America,32,1175.91,4,0
Regular Consumer,Social Media,Europe,20,1459.62,2,1
Regular Consumer,Paid Search,Europe,10,1600.3,3,0
Budget Hunter,Email Referral,Europe,29,335.25,4,0
Budget Hunter,Email Referral,North America,41,503.76,3,0
Budget Hunter,Social Media,North America,46,453.98,4,1
High-Tier VIP,Paid Search,Latin America,34,4519.89,3,0
Regular Consumer,Social Media,North America,37,1401.22,4,0
Regular Consumer,Organic/Direct,Asia-Pacific,20,1291.65,5,0
Regular Consumer,Email Referral,Latin America,8,1206.6,2,0
High-Tier VIP,Paid Search,North America,7,6652.29,3,1
Budget Hunter,Paid Search,North America,6,395.29,5,1
Regular Consumer,Email Referral,Europe,11,947.71,4,0
Regular Consumer,Social Media,Latin America,44,891.61,2,0
Regular Consumer,Social Media,Latin America,18,903.87,4,0
Budget Hunter,Email Referral,Europe,42,392.83,3,1
High-Tier VIP,Paid Search,Asia-Pacific,29,4115.8,3,0
High-Tier VIP,Social Media,North America,25,4874.96,5,0
Regular Consumer,Paid Search,Latin America,21,1480.92,4,0
Regular Consumer,Social Media,Latin America,46,1808.61,4,0
High-Tier VIP,Organic/Direct,North America,3,4141.72,3,0
Regular Consumer,Social Media,North America,18,777.43,2,1
Budget Hunter,Email Referral,North America,24,506.84,5,0
Regular Consumer,Social Media,North America,47,762.87,1,0
Regular Consumer,Paid Search,Asia-Pacific,38,751.07,3,0
Regular Consumer,Paid Search,North America,10,1729.94,3,0
Regular Consumer,Social Media,North America,27,1519.87,4,0
High-Tier VIP,Social Media,North America,12,5045.45,3,0
High-Tier VIP,Paid Search,Latin America,7,4443.84,3,1
Regular Consumer,Social Media,Europe,17,1128.24,5,0
Budget Hunter,Social Media,Europe,1,293.05,4,1
Corporate/Bulk,Organic/Direct,North America,26,10221.63,2,0
High-Tier VIP,Organic/Direct,Latin America,15,4446.66,4,0
Budget Hunter,Organic/Direct,Asia-Pacific,33,229.74,3,0
High-Tier VIP,Paid Search,North America,37,3577.24,4,0
High-Tier VIP,Paid Search,North America,47,2124.09,4,0
Regular Consumer,Organic/Direct,North America,31,1223.38,3,1
Regular Consumer,Social Media,North America,35,1223.43,3,0
Regular Consumer,Paid Search,Europe,1,1733.55,4,0
Budget Hunter,Organic/Direct,Latin America,8,382.86,5,0
Budget Hunter,Organic/Direct,Europe,12,301.35,4,1
High-Tier VIP,Social Media,Asia-Pacific,19,4274.6,1,0
Budget Hunter,Paid Search,Europe,25,392.6,3,0
Budget Hunter,Organic/Direct,Asia-Pacific,32,369.92,3,0
Regular Consumer,Social Media,Asia-Pacific,12,1373.49,3,0
Regular Consumer,Organic/Direct,North America,13,1313.11,4,0
High-Tier VIP,Organic/Direct,North America,28,4215.78,4,0
Budget Hunter,Organic/Direct,Europe,1,303.12,2,1
Budget Hunter,Social Media,North America,6,298.41,3,1
Regular Consumer,Paid Search,North America,8,922.42,4,1
Regular Consumer,Organic/Direct,Europe,4,875.36,3,0
Budget Hunter,Social Media,Latin America,5,510.87,5,0
Regular Consumer,Organic/Direct,Europe,25,1237.41,4,0
Budget Hunter,Paid Search,Asia-Pacific,22,336.41,5,0
Budget Hunter,Paid Search,Europe,28,306.61,5,0
Regular Consumer,Email Referral,Asia-Pacific,39,1328.66,5,0
Regular Consumer,Organic/Direct,Europe,23,1561.1,1,0
High-Tier VIP,Email Referral,Asia-Pacific,4,5313.67,5,0
Budget Hunter,Organic/Direct,Europe,4,430.64,2,0
Regular Consumer,Social Media,Europe,47,1024.04,1,0
Regular Consumer,Organic/Direct,Europe,21,1198.76,4,0
Budget Hunter,Email Referral,Europe,37,299.83,3,0
Regular Consumer,Social Media,North America,41,1232.11,3,0
Budget Hunter,Social Media,North America,2,461.35,3,0
Corporate/Bulk,Paid Search,North America,7,12208.36,3,0
Budget Hunter,Social Media,Asia-Pacific,16,492.34,4,0
Regular Consumer,Organic/Direct,North America,17,1113.44,3,0
Budget Hunter,Paid Search,North America,20,279.39,4,0
Corporate/Bulk,Paid Search,Asia-Pacific,23,12408.35,5,0
Regular Consumer,Paid Search,North America,34,1235.66,4,0
Regular Consumer,Paid Search,Europe,11,1296.81,4,0
Budget Hunter,Paid Search,North America,34,365.16,5,1
Regular Consumer,Social Media,Latin America,33,1054.67,2,0
Budget Hunter,Email Referral,Asia-Pacific,26,367.13,4,0
High-Tier VIP,Social Media,Asia-Pacific,2,5595.04,5,0
Budget Hunter,Paid Search,Europe,23,444.16,5,1
Budget Hunter,Paid Search,Asia-Pacific,41,307.17,4,0
Budget Hunter,Organic/Direct,North America,22,370.21,2,0
Regular Consumer,Social Media,North America,34,1643.13,5,0
Regular Consumer,Organic/Direct,North America,15,1059.63,2,0
Budget Hunter,Organic/Direct,Europe,10,293.17,3,1
Regular Consumer,Organic/Direct,Europe,15,1438.32,3,0
Regular Consumer,Paid Search,Europe,42,1385.69,4,0
Regular Consumer,Organic/Direct,North America,29,948.91,4,0
Regular Consumer,Paid Search,Europe,23,780.16,5,0
Regular Consumer,Email Referral,Asia-Pacific,17,1263.47,4,0
Regular Consumer,Social Media,Europe,9,1074.42,1,0
Budget Hunter,Paid Search,Asia-Pacific,36,202.64,4,0
Budget Hunter,Paid Search,North America,9,289.87,4,1
High-Tier VIP,Paid Search,Asia-Pacific,16,5177.94,4,0
High-Tier VIP,Organic/Direct,Europe,36,4329.66,5,0
Budget Hunter,Paid Search,North America,33,487.03,5,0
Budget Hunter,Social Media,North America,31,167.37,4,0
Regular Consumer,Paid Search,Europe,6,1601.4,2,0
Regular Consumer,Organic/Direct,Asia-Pacific,10,1096.83,4,0
Budget Hunter,Organic/Direct,Europe,16,307.26,5,0
Budget Hunter,Organic/Direct,North America,4,214.27,3,0
Regular Consumer,Organic/Direct,Asia-Pacific,22,1339.52,5,0
Regular Consumer,Paid Search,Europe,13,651.97,3,1
Budget Hunter,Paid Search,Europe,16,421.57,4,0
Budget Hunter,Organic/Direct,Europe,29,217.58,4,0
Budget Hunter,Social Media,North America,6,231.38,4,0
Regular Consumer,Social Media,Europe,26,842.64,5,0
Budget Hunter,Paid Search,North America,11,287.35,3,0
Budget Hunter,Paid Search,Latin America,24,432.43,3,1
Regular Consumer,Paid Search,Europe,29,1651.19,4,0
Budget Hunter,Email Referral,Europe,3,296.4,2,0
Regular Consumer,Paid Search,Europe,10,1186.03,4,0
Budget Hunter,Social Media,Latin America,1,392.87,1,1
Budget Hunter,Paid Search,Asia-Pacific,43,321.19,2,0
Budget Hunter,Organic/Direct,Europe,26,389.44,4,0
Regular Consumer,Paid Search,Asia-Pacific,12,1198.78,4,0
High-Tier VIP,Email Referral,Europe,14,4214.86,2,0
High-Tier VIP,Email Referral,Europe,25,2902.71,3,0
Regular Consumer,Paid Search,North America,8,1244.71,2,0
Regular Consumer,Email Referral,Europe,43,1487.51,4,0
Budget Hunter,Email Referral,North America,4,281.9,2,1
Budget Hunter,Organic/Direct,Latin America,28,177.78,4,0
High-Tier VIP,Organic/Direct,North America,7,4140.51,4,0
Budget Hunter,Paid Search,Latin America,10,482.1,4,1
Budget Hunter,Social Media,Europe,36,456.05,3,0
Budget Hunter,Paid Search,Europe,2,299.21,4,0
Budget Hunter,Paid Search,Europe,26,389.86,5,0
Budget Hunter,Email Referral,North America,14,403.69,3,1
Regular Consumer,Paid Search,North America,16,1647.1,3,0
Regular Consumer,Organic/Direct,North America,43,734.83,4,0
High-Tier VIP,Organic/Direct,Europe,42,3297.57,3,0
High-Tier VIP,Email Referral,Europe,17,2239.03,4,0
Budget Hunter,Email Referral,Asia-Pacific,46,290.64,5,0
Budget Hunter,Paid Search,North America,22,443.3,4,1
Budget Hunter,Paid Search,North America,4,301.02,4,0
Regular Consumer,Social Media,Europe,19,807.54,4,0
Budget Hunter,Paid Search,Latin America,2,369.83,1,1
Regular Consumer,Paid Search,Asia-Pacific,39,1275.71,3,0
Regular Consumer,Social Media,Europe,9,894.89,5,0
Regular Consumer,Organic/Direct,Europe,19,1048.19,5,0
Regular Consumer,Social Media,North America,16,1245.17,4,0
Budget Hunter,Paid Search,Latin America,25,415.27,5,0
High-Tier VIP,Organic/Direct,Europe,18,3770.02,3,0
Regular Consumer,Paid Search,North America,23,962.11,3,1
Budget Hunter,Paid Search,Europe,21,517.35,3,0
High-Tier VIP,Organic/Direct,North America,11,4191.72,1,1
Regular Consumer,Social Media,Latin America,39,1274.83,5,0
High-Tier VIP,Organic/Direct,North America,41,5229.41,5,0
Regular Consumer,Paid Search,Europe,4,663.93,5,0
Regular Consumer,Organic/Direct,North America,25,1194.44,4,1
Budget Hunter,Social Media,Asia-Pacific,32,206.0,3,1
Budget Hunter,Social Media,Asia-Pacific,30,338.56,3,1
Regular Consumer,Social Media,Europe,45,1611.94,3,0
Regular Consumer,Email Referral,Europe,26,900.46,4,0
Budget Hunter,Social Media,Asia-Pacific,36,204.19,4,0
Budget Hunter,Social Media,North America,34,515.17,5,0
High-Tier VIP,Email Referral,North America,9,3209.56,5,0
Corporate/Bulk,Organic/Direct,North America,12,6878.91,2,0
Regular Consumer,Social Media,Latin America,2,1685.71,2,1
Budget Hunter,Organic/Direct,North America,38,246.18,4,1
Budget Hunter,Social Media,Asia-Pacific,5,493.93,3,1
Budget Hunter,Paid Search,Europe,5,373.98,4,0
High-Tier VIP,Social Media,North America,22,5944.45,4,0
Budget Hunter,Email Referral,North America,5,366.28,3,0
Regular Consumer,Email Referral,North America,4,1523.91,4,0
Budget Hunter,Paid Search,Europe,9,269.64,4,0
Regular Consumer,Social Media,North America,29,1015.92,5,0
Regular Consumer,Paid Search,North America,22,565.35,1,1
High-Tier VIP,Email Referral,Asia-Pacific,27,5593.25,5,0
Budget Hunter,Email Referral,Latin America,10,386.71,4,0
Budget Hunter,Social Media,North America,16,261.86,4,0
Budget Hunter,Organic/Direct,North America,42,196.97,1,1
High-Tier VIP,Organic/Direct,North America,42,4817.04,4,1
High-Tier VIP,Social Media,Europe,10,6385.45,4,0
Regular Consumer,Paid Search,Asia-Pacific,6,1158.61,4,0
Regular Consumer,Social Media,North America,5,1002.47,4,0
Regular Consumer,Organic/Direct,North America,6,918.88,4,1
Budget Hunter,Organic/Direct,Asia-Pacific,47,459.32,5,0
High-Tier VIP,Social Media,Europe,25,3623.35,3,0
Regular Consumer,Email Referral,North America,4,1088.65,5,0
Regular Consumer,Paid Search,Europe,40,1512.52,2,0
Regular Consumer,Social Media,North America,32,1391.24,5,0
Budget Hunter,Organic/Direct,North America,35,320.87,5,0
Budget Hunter,Organic/Direct,Asia-Pacific,10,288.84,3,0
Regular Consumer,Social Media,Asia-Pacific,34,1639.67,4,0
Budget Hunter,Paid Search,Europe,36,252.32,4,0
Regular Consumer,Paid Search,Latin America,6,1136.91,2,1
Budget Hunter,Social Media,Europe,43,218.24,4,0
Regular Consumer,Social Media,Asia-Pacific,46,1556.66,3,0
Budget Hunter,Paid Search,Europe,16,308.45,5,0
Budget Hunter,Organic/Direct,Asia-Pacific,19,288.78,5,0
Regular Consumer,Social Media,Latin America,34,1398.5,4,0
Budget Hunter,Organic/Direct,North America,25,225.27,4,1
Regular Consumer,Organic/Direct,Latin America,31,1390.61,4,0
Regular Consumer,Paid Search,Asia-Pacific,41,1091.84,3,0
Regular Consumer,Paid Search,Asia-Pacific,17,838.41,4,0
High-Tier VIP,Organic/Direct,North America,47,3385.95,4,0
Regular Consumer,Social Media,Asia-Pacific,30,994.74,5,0
Budget Hunter,Organic/Direct,Asia-Pacific,39,311.15,4,0
Budget Hunter,Organic/Direct,North America,31,245.13,4,0
Budget Hunter,Organic/Direct,Latin America,19,375.77,4,1
Regular Consumer,Email Referral,North America,35,832.58,3,0
Budget Hunter,Social Media,North America,29,143.05,4,0
Regular Consumer,Social Media,Europe,1,1775.89,4,1
Regular Consumer,Social Media,Europe,4,1259.38,3,0
Budget Hunter,Paid Search,Europe,28,525.83,4,0
Regular Consumer,Social Media,North America,18,886.9,4,0
Budget Hunter,Paid Search,Latin America,26,391.98,4,0
Budget Hunter,Email Referral,North America,40,428.28,4,1
Regular Consumer,Social Media,North America,19,1143.2,4,1
Regular Consumer,Social Media,North America,6,766.67,4,0
Regular Consumer,Social Media,Europe,1,1120.66,5,0
Regular Consumer,Paid Search,Latin America,8,1387.92,3,1
Budget Hunter,Paid Search,Europe,33,401.47,5,0
High-Tier VIP,Social Media,Asia-Pacific,43,4498.17,4,0
Regular Consumer,Paid Search,North America,21,1469.19,4,1
Regular Consumer,Social Media,Europe,24,1455.03,4,0
Budget Hunter,Email Referral,Europe,25,304.18,3,0
Regular Consumer,Email Referral,Europe,47,743.87,2,0
Budget Hunter,Organic/Direct,North America,43,366.66,4,1
Budget Hunter,Paid Search,Europe,19,284.67,4,0
High-Tier VIP,Email Referral,Europe,29,4661.72,4,0
Budget Hunter,Email Referral,Asia-Pacific,10,467.73,4,0
Corporate/Bulk,Paid Search,Europe,12,12203.1,3,0
Regular Consumer,Organic/Direct,North America,33,1588.88,3,1
Budget Hunter,Paid Search,Europe,7,261.5,4,1
Regular Consumer,Organic/Direct,North America,17,1526.24,3,0
High-Tier VIP,Email Referral,Asia-Pacific,10,6386.17,4,0
Regular Consumer,Paid Search,Europe,31,1219.3,3,0
High-Tier VIP,Email Referral,North America,6,7112.31,4,0
Regular Consumer,Social Media,Latin America,17,942.77,2,0
Regular Consumer,Email Referral,Europe,37,1008.35,3,1
High-Tier VIP,Social Media,North America,18,5231.18,4,0
Budget Hunter,Organic/Direct,Europe,26,354.77,4,1
Regular Consumer,Paid Search,North America,16,977.13,3,0
Budget Hunter,Paid Search,Asia-Pacific,8,404.17,5,0
Corporate/Bulk,Paid Search,Asia-Pacific,24,11977.74,3,1
High-Tier VIP,Email Referral,Latin America,13,3840.44,4,1
Budget Hunter,Organic/Direct,Europe,29,366.54,3,1
Regular Consumer,Email Referral,Europe,32,1427.71,3,0
High-Tier VIP,Email Referral,Asia-Pacific,24,3815.48,4,0
Budget Hunter,Paid Search,North America,16,395.24,3,0
Regular Consumer,Social Media,Europe,11,939.89,4,0
High-Tier VIP,Paid Search,Europe,32,3741.95,3,0
Budget Hunter,Paid Search,North America,6,447.26,4,0
Regular Consumer,Paid Search,Europe,35,1384.12,3,0
Budget Hunter,Social Media,Asia-Pacific,33,184.9,3,1
High-Tier VIP,Paid Search,Asia-Pacific,18,4079.0,1,1
Corporate/Bulk,Paid Search,North America,37,12346.67,4,0
High-Tier VIP,Paid Search,North America,13,4656.22,4,1
Regular Consumer,Paid Search,North America,10,1385.46,5,1
High-Tier VIP,Email Referral,Asia-Pacific,37,4630.48,4,0
High-Tier VIP,Organic/Direct,North America,26,4350.83,4,0
Budget Hunter,Email Referral,Asia-Pacific,46,335.72,4,1
High-Tier VIP,Social Media,North America,17,5727.58,1,1
Budget Hunter,Paid Search,Europe,1,410.81,3,1
Regular Consumer,Organic/Direct,North America,25,1321.42,4,0
Budget Hunter,Paid Search,Asia-Pacific,34,357.77,4,0
Budget Hunter,Paid Search,North America,39,301.98,2,0
Budget Hunter,Paid Search,Europe,10,323.16,4,1
Regular Consumer,Paid Search,North America,20,1519.4,4,0
Budget Hunter,Paid Search,Asia-Pacific,7,434.92,4,1
Regular Consumer,Social Media,Asia-Pacific,16,1005.43,3,0
Budget Hunter,Organic/Direct,North America,37,358.74,4,0
Budget Hunter,Paid Search,Asia-Pacific,29,393.62,1,0
Regular Consumer,Paid Search,Europe,12,1329.96,2,0
Regular Consumer,Organic/Direct,North America,17,1327.64,4,0
Budget Hunter,Paid Search,Europe,20,252.69,3,1
Regular Consumer,Paid Search,North America,26,848.55,3,0
High-Tier VIP,Email Referral,Asia-Pacific,19,5816.47,3,0
Regular Consumer,Paid Search,Asia-Pacific,47,1652.71,4,0
Budget Hunter,Paid Search,North America,12,220.37,1,1
Budget Hunter,Social Media,Europe,21,347.57,3,0
High-Tier VIP,Paid Search,Asia-Pacific,42,5415.81,4,0
Budget Hunter,Social Media,Latin America,34,157.17,4,0
High-Tier VIP,Organic/Direct,Europe,7,3292.49,5,0
Regular Consumer,Paid Search,Latin America,45,1172.34,3,1
High-Tier VIP,Social Media,Europe,35,3828.11,3,0
Regular Consumer,Social Media,North America,15,1262.74,4,0
Corporate/Bulk,Paid Search,Asia-Pacific,1,15043.83,3,1
Budget Hunter,Social Media,Europe,26,275.38,5,0
Regular Consumer,Paid Search,Europe,35,1215.08,4,0
Regular Consumer,Social Media,Europe,25,1096.56,3,0
Regular Consumer,Paid Search,Asia-Pacific,42,1240.91,4,0
Regular Consumer,Social Media,Asia-Pacific,15,1201.74,1,1
High-Tier VIP,Paid Search,Europe,22,7466.85,5,0
Corporate/Bulk,Organic/Direct,North America,6,15096.34,5,0
Regular Consumer,Paid Search,Europe,15,725.72,4,0
Regular Consumer,Social Media,Europe,24,929.96,2,0
Regular Consumer,Social Media,North America,21,966.64,3,0
Regular Consumer,Organic/Direct,Asia-Pacific,7,829.72,3,1
Budget Hunter,Social Media,Europe,29,230.27,3,0
Budget Hunter,Organic/Direct,North America,32,334.39,4,0
Budget Hunter,Organic/Direct,North America,32,285.28,5,0
Budget Hunter,Email Referral,North America,5,272.06,4,1
Budget Hunter,Paid Search,Latin America,4,526.79,4,0
Budget Hunter,Social Media,North America,22,291.3,4,0
Budget Hunter,Organic/Direct,North America,18,311.22,5,0
Budget Hunter,Email Referral,Europe,35,414.88,1,1
Corporate/Bulk,Email Referral,North America,17,9772.05,4,0
Regular Consumer,Social Media,North America,24,850.3,4,0
Regular Consumer,Paid Search,North America,2,1122.62,5,0
Regular Consumer,Social Media,Europe,13,1802.62,5,0
Budget Hunter,Organic/Direct,Europe,15,307.87,4,0
High-Tier VIP,Social Media,North America,5,3474.26,3,0
Regular Consumer,Social Media,Europe,3,1326.07,4,0
Budget Hunter,Organic/Direct,Latin America,37,323.23,1,0
Regular Consumer,Social Media,North America,37,2021.7,4,0
High-Tier VIP,Email Referral,North America,37,3614.74,4,0
High-Tier VIP,Social Media,North America,3,6450.45,4,1
Regular Consumer,Paid Search,Europe,35,1549.02,5,0
Regular Consumer,Social Media,Asia-Pacific,23,1085.6,4,0
Budget Hunter,Organic/Direct,North America,28,349.69,3,1
Corporate/Bulk,Paid Search,Asia-Pacific,30,8167.83,3,0
Budget Hunter,Paid Search,North America,18,302.89,5,0
High-Tier VIP,Email Referral,Europe,36,4063.0,3,0
Regular Consumer,Paid Search,Asia-Pacific,33,1247.36,2,0
Regular Consumer,Social Media,North America,26,776.2,3,0
Regular Consumer,Social Media,Europe,40,1293.45,4,0
Budget Hunter,Social Media,North America,17,337.24,2,1
Budget Hunter,Social Media,Asia-Pacific,40,384.83,5,0
Budget Hunter,Paid Search,North America,7,397.89,5,0
Budget Hunter,Social Media,Asia-Pacific,8,330.23,5,1
Regular Consumer,Social Media,North America,31,1346.46,1,0
Budget Hunter,Organic/Direct,Asia-Pacific,12,342.37,5,1
Budget Hunter,Paid Search,North America,31,415.05,5,0
Corporate/Bulk,Social Media,Asia-Pacific,44,11869.35,5,0
High-Tier VIP,Paid Search,North America,19,4703.67,4,1
High-Tier VIP,Paid Search,Latin America,10,4384.75,4,0
Corporate/Bulk,Paid Search,North America,39,14563.49,2,0
Budget Hunter,Paid Search,North America,12,385.45,5,0
Regular Consumer,Organic/Direct,Europe,20,803.56,1,1
Regular Consumer,Paid Search,North America,37,1058.41,3,0
Regular Consumer,Email Referral,North America,41,1131.42,5,0
Budget Hunter,Email Referral,Latin America,7,349.9,4,0
High-Tier VIP,Social Media,Latin America,14,4698.8,2,1
Budget Hunter,Paid Search,North America,11,267.38,5,0
Budget Hunter,Social Media,Latin America,7,344.05,5,0
Regular Consumer,Organic/Direct,Europe,29,1105.76,3,0
Regular Consumer,Social Media,North America,10,1525.42,5,0
Regular Consumer,Paid Search,Asia-Pacific,29,901.48,3,0
Budget Hunter,Social Media,Europe,9,348.48,3,1
High-Tier VIP,Organic/Direct,Latin America,36,3728.94,3,0
Budget Hunter,Organic/Direct,North America,10,513.01,1,1
Budget Hunter,Paid Search,Europe,19,459.95,3,1
High-Tier VIP,Organic/Direct,North America,31,2652.35,1,0
Corporate/Bulk,Paid Search,North America,17,8810.41,5,0
High-Tier VIP,Paid Search,North America,9,5479.79,4,0
High-Tier VIP,Email Referral,Latin America,45,5014.44,5,1
Regular Consumer,Paid Search,Asia-Pacific,33,1327.78,4,0
Regular Consumer,Paid Search,Asia-Pacific,34,1257.26,2,0
Budget Hunter,Paid Search,Europe,45,433.23,5,0
Regular Consumer,Email Referral,North America,24,1434.29,5,0
Budget Hunter,Organic/Direct,North America,9,324.58,3,0
Budget Hunter,Social Media,North America,7,245.06,2,0
Regular Consumer,Organic/Direct,North America,16,692.98,4,0
Regular Consumer,Paid Search,Asia-Pacific,19,1168.91,4,0
Budget Hunter,Social Media,Europe,39,189.01,5,1
Budget Hunter,Social Media,North America,6,371.96,1,0
Regular Consumer,Paid Search,North America,11,1107.59,2,1
Budget Hunter,Social Media,North America,12,520.09,4,0
High-Tier VIP,Email Referral,Europe,42,4886.02,4,0
Regular Consumer,Paid Search,Latin America,13,1191.23,1,1
Regular Consumer,Paid Search,Europe,12,715.15,3,0
Regular Consumer,Paid Search,Asia-Pacific,21,821.3,4,0
High-Tier VIP,Paid Search,Europe,10,5266.52,4,0
Budget Hunter,Email Referral,North America,20,322.6,3,0
Regular Consumer,Social Media,North America,36,1960.61,4,0
Regular Consumer,Social Media,Asia-Pacific,28,1175.08,5,0
Budget Hunter,Organic/Direct,Asia-Pacific,24,364.78,5,0
High-Tier VIP,Paid Search,North America,5,3018.49,3,0
Regular Consumer,Social Media,Europe,37,1484.23,3,0
Regular Consumer,Social Media,Europe,12,922.28,5,0
High-Tier VIP,Social Media,Europe,35,5089.96,3,0
High-Tier VIP,Email Referral,Latin America,40,5413.27,4,0
Regular Consumer,Organic/Direct,Europe,2,1228.56,4,1
High-Tier VIP,Social Media,Europe,41,6476.59,3,0
Regular Consumer,Organic/Direct,North America,45,1016.79,4,0
Regular Consumer,Paid Search,North America,39,1702.66,4,0
Regular Consumer,Paid Search,North America,42,818.72,4,0
Regular Consumer,Paid Search,North America,9,1439.71,2,0
Budget Hunter,Paid Search,Asia-Pacific,22,337.54,5,0
High-Tier VIP,Social Media,Asia-Pacific,47,3703.35,4,0
High-Tier VIP,Social Media,North America,5,2631.06,4,0
Budget Hunter,Email Referral,Asia-Pacific,12,327.19,5,1
High-Tier VIP,Social Media,North America,1,4135.71,4,1
Budget Hunter,Social Media,North America,44,365.13,4,0
Budget Hunter,Paid Search,North America,22,413.42,5,0
Regular Consumer,Paid Search,North America,38,957.46,3,0
Budget Hunter,Social Media,North America,19,503.85,4,0
High-Tier VIP,Social Media,Europe,16,3894.15,5,0
High-Tier VIP,Organic/Direct,Europe,31,5177.47,2,0
Regular Consumer,Paid Search,Latin America,3,1227.05,1,0
Budget Hunter,Paid Search,North America,23,332.61,5,0
Budget Hunter,Social Media,North America,42,353.51,5,0
Regular Consumer,Paid Search,North America,18,917.91,5,0
Corporate/Bulk,Paid Search,Europe,26,9934.19,1,0
Regular Consumer,Organic/Direct,North America,13,798.07,2,1
Budget Hunter,Paid Search,Asia-Pacific,18,301.94,2,0
Regular Consumer,Social Media,Europe,3,1060.0,4,0
Regular Consumer,Paid Search,Europe,23,1453.57,4,0
Regular Consumer,Paid Search,Europe,3,1100.42,3,1
Budget Hunter,Social Media,North America,25,310.79,1,1
Regular Consumer,Organic/Direct,North America,27,1266.01,4,0
Regular Consumer,Social Media,North America,44,1254.26,4,0
Corporate/Bulk,Organic/Direct,Europe,27,9374.64,2,1
Budget Hunter,Paid Search,North America,39,384.49,5,0
Regular Consumer,Organic/Direct,North America,25,1146.41,3,1
High-Tier VIP,Paid Search,Latin America,24,3833.25,4,0
Budget Hunter,Organic/Direct,North America,8,306.65,5,0
High-Tier VIP,Social Media,Asia-Pacific,9,5568.02,4,0
Regular Consumer,Email Referral,Asia-Pacific,46,1060.37,3,0
Budget Hunter,Social Media,North America,37,372.85,3,0
Budget Hunter,Paid Search,North America,30,237.79,5,0
Regular Consumer,Paid Search,North America,19,1534.59,3,0
Budget Hunter,Organic/Direct,Europe,16,298.99,4,1
Regular Consumer,Social Media,Europe,24,1320.09,5,0
Budget Hunter,Organic/Direct,Asia-Pacific,44,327.99,5,0
Regular Consumer,Paid Search,Latin America,21,1316.65,4,0
Budget Hunter,Paid Search,Europe,36,388.8,5,0
High-Tier VIP,Paid Search,North America,40,4337.25,5,0
Corporate/Bulk,Email Referral,North America,39,5868.6,3,0
Corporate/Bulk,Organic/Direct,Asia-Pacific,47,14000.29,3,0
Regular Consumer,Email Referral,North America,6,1158.03,2,0
Budget Hunter,Paid Search,North America,5,382.2,2,0
Regular Consumer,Social Media,Asia-Pacific,14,1407.52,5,1
Budget Hunter,Organic/Direct,Europe,45,310.0,4,0
Budget Hunter,Paid Search,Latin America,42,395.25,5,0
Budget Hunter,Organic/Direct,Europe,4,284.58,4,0
Regular Consumer,Email Referral,North America,8,1316.26,4,0
Regular Consumer,Email Referral,Latin America,24,1205.91,4,0
Regular Consumer,Organic/Direct,North America,11,1073.25,1,0
Regular Consumer,Paid Search,North America,17,1214.1,5,0
Budget Hunter,Paid Search,Europe,21,257.67,4,1
Corporate/Bulk,Email Referral,North America,26,11849.86,4,0
Regular Consumer,Paid Search,Europe,43,1323.85,1,1
Regular Consumer,Organic/Direct,North America,44,1303.69,5,0
Budget Hunter,Organic/Direct,Europe,45,481.44,5,0
Regular Consumer,Social Media,North America,27,1171.51,4,0
Regular Consumer,Email Referral,Asia-Pacific,16,1192.16,4,0
Budget Hunter,Paid Search,Asia-Pacific,26,247.6,4,0
Budget Hunter,Paid Search,North America,33,487.59,3,1
Regular Consumer,Paid Search,North America,31,750.56,3,0
Regular Consumer,Social Media,North America,47,1268.57,4,0
Budget Hunter,Paid Search,North America,6,296.21,2,1
Corporate/Bulk,Paid Search,Asia-Pacific,44,11171.37,4,0
Budget Hunter,Organic/Direct,Asia-Pacific,8,235.54,4,0
Regular Consumer,Email Referral,North America,7,1467.5,3,1
High-Tier VIP,Paid Search,North America,34,3425.42,3,1
Regular Consumer,Social Media,North America,44,1549.88,3,0
Regular Consumer,Email Referral,Europe,14,921.72,3,0
Regular Consumer,Paid Search,North America,16,1492.56,4,0
Budget Hunter,Paid Search,Latin America,43,277.29,4,0
Corporate/Bulk,Paid Search,Asia-Pacific,9,9309.82,5,0
Regular Consumer,Social Media,North America,10,1199.45,2,1
High-Tier VIP,Paid Search,Europe,17,3546.08,5,0
Budget Hunter,Email Referral,Latin America,12,273.23,3,0
Budget Hunter,Social Media,Europe,6,276.82,4,0
Budget Hunter,Social Media,North America,19,377.9,4,1
Regular Consumer,Paid Search,North America,43,1199.87,4,0
Budget Hunter,Social Media,Asia-Pacific,41,354.61,4,1
High-Tier VIP,Organic/Direct,Europe,29,4134.79,3,0
Regular Consumer,Organic/Direct,Europe,6,1364.61,3,0
Corporate/Bulk,Organic/Direct,Asia-Pacific,25,13887.66,5,0
Budget Hunter,Social Media,Asia-Pacific,24,400.37,3,0
High-Tier VIP,Email Referral,Latin America,25,4264.91,3,0
Regular Consumer,Organic/Direct,North America,16,833.76,1,1
Regular Consumer,Organic/Direct,Europe,16,606.88,3,1
High-Tier VIP,Paid Search,Asia-Pacific,6,4427.03,4,0
Regular Consumer,Paid Search,Asia-Pacific,37,602.04,4,0
Regular Consumer,Paid Search,Europe,21,1140.21,3,0
Budget Hunter,Organic/Direct,North America,4,472.73,2,1
Budget Hunter,Social Media,Asia-Pacific,34,249.07,4,0
High-Tier VIP,Social Media,Asia-Pacific,28,3053.13,4,0
Regular Consumer,Email Referral,North America,38,1391.08,5,0
Regular Consumer,Email Referral,Europe,41,358.28,5,0
Regular Consumer,Email Referral,North America,28,1314.54,5,0
Budget Hunter,Paid Search,North America,17,478.49,4,0
Budget Hunter,Organic/Direct,North America,14,273.66,4,0
Regular Consumer,Paid Search,Europe,7,886.73,2,0
Regular Consumer,Paid Search,Europe,22,1377.01,4,0
Budget Hunter,Paid Search,Europe,1,247.56,1,0
Regular Consumer,Paid Search,Europe,29,1443.25,5,0
Budget Hunter,Social Media,Asia-Pacific,31,254.69,4,1
Regular Consumer,Organic/Direct,North America,30,1730.52,4,0
Budget Hunter,Paid Search,North America,15,407.95,1,1
Regular Consumer,Organic/Direct,Asia-Pacific,18,1211.41,4,0
Budget Hunter,Social Media,North America,35,499.69,3,0
Regular Consumer,Paid Search,Latin America,30,1509.46,3,0
Budget Hunter,Social Media,Asia-Pacific,34,382.25,3,1
Budget Hunter,Paid Search,Europe,42,186.97,1,1
Regular Consumer,Social Media,Latin America,11,989.55,4,0
Regular Consumer,Social Media,North America,27,1525.62,4,0
Regular Consumer,Paid Search,North America,24,809.96,5,0
Budget Hunter,Paid Search,Europe,35,283.0,4,1
Regular Consumer,Social Media,North America,39,893.37,3,0
High-Tier VIP,Email Referral,Latin America,8,4952.65,5,0
Regular Consumer,Paid Search,North America,18,1489.08,4,0
Budget Hunter,Organic/Direct,Europe,13,434.4,4,0
Regular Consumer,Organic/Direct,Europe,45,944.15,4,0
Budget Hunter,Email Referral,Europe,24,384.01,5,0
Budget Hunter,Organic/Direct,North America,23,271.26,3,1
Corporate/Bulk,Social Media,North America,12,10420.99,3,0
Budget Hunter,Organic/Direct,Asia-Pacific,30,395.51,4,0
Regular Consumer,Email Referral,North America,31,1518.41,2,0
Regular Consumer,Social Media,Asia-Pacific,28,555.18,5,0
Regular Consumer,Paid Search,Europe,22,1229.59,4,0
Regular Consumer,Paid Search,Asia-Pacific,44,1622.19,4,0
Budget Hunter,Organic/Direct,Asia-Pacific,28,370.32,4,1
Budget Hunter,Organic/Direct,North America,13,357.23,3,0
Regular Consumer,Paid Search,Europe,25,1031.1,5,0
Budget Hunter,Social Media,Asia-Pacific,44,470.82,5,0
Budget Hunter,Social Media,Europe,46,304.78,4,0
Budget Hunter,Paid Search,Latin America,7,341.24,5,0
Budget Hunter,Email Referral,Europe,45,308.86,1,0
Regular Consumer,Paid Search,North America,6,1232.46,5,0
Budget Hunter,Paid Search,North America,24,474.74,3,0
Regular Consumer,Social Media,Latin America,19,928.17,3,1
Regular Consumer,Organic/Direct,North America,19,1233.77,3,1
High-Tier VIP,Paid Search,Asia-Pacific,36,4939.95,3,0
Budget Hunter,Organic/Direct,Asia-Pacific,9,278.92,3,1
Budget Hunter,Social Media,North America,36,344.84,5,0
Budget Hunter,Paid Search,North America,38,511.99,5,0
Regular Consumer,Paid Search,Asia-Pacific,40,669.45,2,0
Regular Consumer,Social Media,North America,29,1073.64,2,0
Budget Hunter,Paid Search,Asia-Pacific,24,371.92,5,0
High-Tier VIP,Email Referral,Europe,5,4077.06,3,1
Budget Hunter,Organic/Direct,Europe,42,602.55,2,0
Regular Consumer,Email Referral,Asia-Pacific,45,1364.61,4,0
Regular Consumer,Paid Search,North America,26,886.69,4,0
High-Tier VIP,Email Referral,Europe,14,1871.15,3,1
Regular Consumer,Social Media,North America,39,1302.08,4,0
High-Tier VIP,Paid Search,North America,29,3649.93,4,0
Budget Hunter,Paid Search,Europe,6,462.78,2,0
High-Tier VIP,Paid Search,Asia-Pacific,7,4190.78,5,0
Budget Hunter,Organic/Direct,North America,37,300.27,4,0
High-Tier VIP,Social Media,Europe,18,3841.6,3,0
Regular Consumer,Paid Search,Europe,23,1495.95,3,0
High-Tier VIP,Social Media,North America,44,4967.53,2,0
Regular Consumer,Paid Search,North America,38,1726.79,4,0
Regular Consumer,Social Media,Latin America,1,1135.47,2,0
Regular Consumer,Social Media,Asia-Pacific,4,1458.68,4,0
Regular Consumer,Organic/Direct,Europe,44,1463.81,2,0
Budget Hunter,Organic/Direct,Europe,47,408.96,4,0
Budget Hunter,Social Media,North America,35,305.39,4,0
Budget Hunter,Social Media,Europe,23,391.42,4,1
Budget Hunter,Social Media,Europe,27,341.49,4,0
High-Tier VIP,Organic/Direct,Europe,26,4361.04,5,0
Budget Hunter,Paid Search,North America,8,279.49,4,0
Corporate/Bulk,Paid Search,North America,43,5169.07,3,0
Budget Hunter,Paid Search,North America,16,459.23,4,1
Budget Hunter,Social Media,Latin America,41,387.76,5,0
Regular Consumer,Social Media,Europe,3,797.04,2,1
Regular Consumer,Organic/Direct,Europe,32,1415.31,3,0
Regular Consumer,Paid Search,North America,5,1580.44,4,0
Regular Consumer,Social Media,North America,20,1433.3,4,0
Regular Consumer,Organic/Direct,Asia-Pacific,14,932.51,4,0
Budget Hunter,Organic/Direct,Europe,32,285.95,3,0
Corporate/Bulk,Social Media,Europe,26,9493.34,2,0
Corporate/Bulk,Social Media,North America,47,13367.98,5,1
Regular Consumer,Paid Search,Asia-Pacific,6,1343.69,2,1
Budget Hunter,Email Referral,North America,36,594.15,2,0
Regular Consumer,Paid Search,North America,40,707.73,4,0
Budget Hunter,Email Referral,Europe,5,345.4,5,0
Budget Hunter,Organic/Direct,North America,13,181.32,4,0
Budget Hunter,Social Media,North America,32,402.21,5,0
Regular Consumer,Paid Search,Europe,16,1520.07,2,0
High-Tier VIP,Social Media,Europe,1,6122.37,3,0
Regular Consumer,Social Media,Asia-Pacific,13,1256.56,3,0
Regular Consumer,Paid Search,Europe,11,626.01,5,0
Regular Consumer,Organic/Direct,North America,8,1184.96,4,0
Budget Hunter,Email Referral,North America,25,388.22,1,1
Budget Hunter,Social Media,Latin America,40,262.05,4,0
Corporate/Bulk,Organic/Direct,Europe,32,10271.31,3,0
Budget Hunter,Paid Search,Asia-Pacific,24,238.26,4,0
High-Tier VIP,Social Media,North America,28,3810.71,5,0
Regular Consumer,Paid Search,Europe,14,1473.74,3,0
Regular Consumer,Social Media,North America,45,1404.05,3,0
Regular Consumer,Email Referral,Europe,3,781.43,3,0
Regular Consumer,Organic/Direct,Latin America,36,988.5,3,1
High-Tier VIP,Paid Search,Latin America,27,4564.23,2,0
High-Tier VIP,Social Media,Europe,20,4754.84,4,0
Regular Consumer,Social Media,Europe,47,1001.13,3,0
Budget Hunter,Social Media,Latin America,15,391.69,5,0
Regular Consumer,Organic/Direct,Europe,27,1189.42,3,0
High-Tier VIP,Organic/Direct,North America,45,1601.29,3,0
Budget Hunter,Social Media,Europe,41,299.98,3,0
Regular Consumer,Social Media,North America,28,1019.93,4,0
Regular Consumer,Paid Search,Europe,25,1403.48,4,0
Regular Consumer,Paid Search,Europe,42,1408.82,5,0
Budget Hunter,Social Media,Europe,44,203.69,4,0
Regular Consumer,Social Media,North America,46,1331.54,5,0
High-Tier VIP,Organic/Direct,North America,33,4416.79,4,0
Budget Hunter,Organic/Direct,Europe,46,361.06,1,1
Budget Hunter,Paid Search,Asia-Pacific,14,296.29,5,0
Corporate/Bulk,Social Media,Europe,8,10829.97,5,0
Budget Hunter,Paid Search,North America,14,450.65,5,0
High-Tier VIP,Paid Search,Latin America,1,4626.21,2,1
Regular Consumer,Organic/Direct,Latin America,16,1187.27,4,0
Budget Hunter,Paid Search,North America,18,308.07,3,1
High-Tier VIP,Social Media,North America,7,5683.79,3,1
Regular Consumer,Paid Search,Asia-Pacific,15,815.76,4,0
Regular Consumer,Email Referral,Asia-Pacific,24,959.41,5,0
Budget Hunter,Social Media,Latin America,13,232.91,4,0
Regular Consumer,Paid Search,Asia-Pacific,9,1260.21,5,0
Budget Hunter,Social Media,Europe,15,453.23,1,1
Regular Consumer,Organic/Direct,Europe,35,1101.36,1,1
Corporate/Bulk,Email Referral,North America,24,8059.13,4,0
Budget Hunter,Paid Search,North America,33,493.19,3,0
Regular Consumer,Email Referral,Europe,16,1335.38,5,0
Budget Hunter,Email Referral,Europe,8,374.28,3,1
Regular Consumer,Email Referral,Europe,29,1142.94,4,0
Budget Hunter,Social Media,Asia-Pacific,23,408.54,4,0
Corporate/Bulk,Social Media,North America,45,11720.1,3,0
Regular Consumer,Social Media,Europe,31,1055.62,5,0
Budget Hunter,Organic/Direct,North America,40,322.54,4,0
Budget Hunter,Social Media,Europe,14,260.76,4,0
Budget Hunter,Organic/Direct,Asia-Pacific,30,249.85,5,0
Regular Consumer,Social Media,Europe,39,1111.0,3,0
Budget Hunter,Organic/Direct,Latin America,27,450.99,5,0
High-Tier VIP,Organic/Direct,North America,47,3336.57,2,1
Regular Consumer,Paid Search,Europe,16,1450.91,3,0
Budget Hunter,Organic/Direct,North America,6,280.09,5,1
Regular Consumer,Social Media,Europe,33,664.02,5,0
Regular Consumer,Organic/Direct,Asia-Pacific,44,1363.98,3,0
Budget Hunter,Social Media,Europe,18,492.52,4,1
Budget Hunter,Social Media,Asia-Pacific,16,275.12,5,0
Budget Hunter,Email Referral,North America,12,212.64,3,0
Regular Consumer,Paid Search,Asia-Pacific,20,1336.47,1,1
Regular Consumer,Organic/Direct,North America,45,923.05,4,0
Regular Consumer,Social Media,Asia-Pacific,40,1360.99,2,0
High-Tier VIP,Social Media,North America,29,5795.41,3,0
High-Tier VIP,Paid Search,North America,30,4871.94,5,0
Regular Consumer,Social Media,Europe,26,1442.93,1,1
High-Tier VIP,Paid Search,Latin America,22,5418.69,5,0
Budget Hunter,Paid Search,North America,33,436.62,4,0
Budget Hunter,Paid Search,North America,39,353.96,4,0
Budget Hunter,Paid Search,Asia-Pacific,47,418.17,4,1
Budget Hunter,Email Referral,North America,29,364.39,4,0
Regular Consumer,Email Referral,North America,22,1317.4,2,1
High-Tier VIP,Social Media,Europe,45,7933.18,2,0
Budget Hunter,Organic/Direct,North America,13,371.14,4,0
Budget Hunter,Paid Search,Latin America,9,218.95,3,1
Regular Consumer,Organic/Direct,Asia-Pacific,24,1140.77,1,1
High-Tier VIP,Organic/Direct,Europe,15,4150.66,5,1
Budget Hunter,Email Referral,Latin America,36,326.83,5,0
Regular Consumer,Social Media,Europe,13,1486.03,3,0
Budget Hunter,Organic/Direct,North America,27,448.93,1,1
Budget Hunter,Paid Search,North America,44,340.76,4,0
Corporate/Bulk,Email Referral,Europe,37,7172.35,5,0
Corporate/Bulk,Paid Search,North America,7,11272.51,2,0
Budget Hunter,Social Media,Latin America,8,302.45,2,1
Corporate/Bulk,Organic/Direct,Asia-Pacific,37,11578.61,5,1
Regular Consumer,Organic/Direct,North America,41,1163.71,5,0
High-Tier VIP,Paid Search,Europe,14,5868.4,4,0
Regular Consumer,Email Referral,Asia-Pacific,12,1282.44,3,0
Regular Consumer,Paid Search,Latin America,36,1037.94,4,0
Regular Consumer,Social Media,Asia-Pacific,40,784.34,4,0
Regular Consumer,Paid Search,Europe,17,1185.6,2,1
Budget Hunter,Paid Search,Asia-Pacific,40,346.11,3,0
Budget Hunter,Social Media,Europe,29,327.03,3,0
Budget Hunter,Social Media,Europe,27,417.84,4,0
Regular Consumer,Paid Search,North America,1,785.17,4,1
Budget Hunter,Paid Search,North America,34,283.28,5,0
Regular Consumer,Social Media,Europe,4,1215.88,4,0
Corporate/Bulk,Organic/Direct,North America,24,9461.35,5,1
Budget Hunter,Email Referral,North America,21,318.79,5,0
Regular Consumer,Paid Search,Asia-Pacific,33,1181.92,3,0
Regular Consumer,Social Media,North America,7,1405.79,3,0
High-Tier VIP,Paid Search,Europe,1,4386.85,4,0
Budget Hunter,Paid Search,Europe,41,177.65,1,0
Regular Consumer,Organic/Direct,Latin America,3,1019.16,5,0
High-Tier VIP,Social Media,Europe,44,5057.76,1,1
High-Tier VIP,Paid Search,North America,15,5358.01,3,1
Regular Consumer,Paid Search,Europe,31,1445.36,4,0
Regular Consumer,Paid Search,Asia-Pacific,16,1530.35,4,0
Regular Consumer,Organic/Direct,Latin America,10,1235.53,4,0
High-Tier VIP,Email Referral,Europe,29,4796.06,4,0
Regular Consumer,Paid Search,North America,6,895.83,3,0
Budget Hunter,Paid Search,Latin America,29,159.72,3,1
High-Tier VIP,Email Referral,North America,17,2905.22,5,0
Regular Consumer,Email Referral,Europe,22,989.45,3,0
Regular Consumer,Social Media,Europe,24,792.09,3,0
Budget Hunter,Paid Search,North America,17,324.37,4,0
Regular Consumer,Paid Search,North America,21,1061.37,2,1
Regular Consumer,Social Media,North America,11,1481.35,4,0
Regular Consumer,Social Media,Europe,7,909.26,4,1
Budget Hunter,Paid Search,Latin America,42,362.3,4,0
Regular Consumer,Social Media,North America,39,1074.07,4,0
Corporate/Bulk,Paid Search,Asia-Pacific,5,8231.91,2,0
Budget Hunter,Organic/Direct,North America,44,286.33,4,0
Corporate/Bulk,Paid Search,Europe,21,5359.04,1,1
Regular Consumer,Paid Search,North America,18,1424.5,1,0
High-Tier VIP,Social Media,Latin America,35,6077.54,4,0
Regular Consumer,Social Media,Asia-Pacific,20,1119.76,3,1
Regular Consumer,Email Referral,Europe,15,1208.72,4,0
Regular Consumer,Social Media,Asia-Pacific,5,1111.24,4,0
High-Tier VIP,Paid Search,Europe,13,3577.4,5,0
Regular Consumer,Organic/Direct,Latin America,12,1411.47,4,1
Budget Hunter,Paid Search,Asia-Pacific,21,377.92,1,0
Regular Consumer,Email Referral,Latin America,37,326.36,3,1
High-Tier VIP,Social Media,Europe,6,3336.06,3,0
Regular Consumer,Social Media,North America,7,584.08,3,0
Regular Consumer,Paid Search,Europe,26,1666.62,2,0
Regular Consumer,Social Media,North America,42,1148.45,2,0
High-Tier VIP,Organic/Direct,Europe,8,4770.79,4,1
Budget Hunter,Organic/Direct,Europe,9,319.09,4,0
Regular Consumer,Paid Search,Europe,27,1530.81,4,0
Budget Hunter,Paid Search,North America,4,425.31,4,0
Budget Hunter,Organic/Direct,North America,21,331.15,4,0
Budget Hunter,Email Referral,Europe,31,500.32,4,0
Regular Consumer,Paid Search,Latin America,21,1255.6,4,0
Regular Consumer,Social Media,North America,40,761.96,1,0
Regular Consumer,Paid Search,Europe,25,1230.01,4,0
Regular Consumer,Email Referral,Asia-Pacific,39,1355.23,4,0
Budget Hunter,Paid Search,Europe,15,338.34,3,1
Budget Hunter,Paid Search,North America,35,314.0,1,0
Budget Hunter,Organic/Direct,Europe,43,504.38,2,0
Budget Hunter,Paid Search,North America,41,246.24,4,0
Regular Consumer,Social Media,Latin America,37,370.89,4,0
Regular Consumer,Social Media,North America,42,1685.72,3,0
Regular Consumer,Paid Search,North America,47,832.19,3,0
Regular Consumer,Social Media,North America,28,1114.01,5,0
Budget Hunter,Social Media,North America,14,316.97,3,0
High-Tier VIP,Paid Search,Asia-Pacific,4,5885.72,2,0
Regular Consumer,Social Media,North America,20,1630.46,3,0
Regular Consumer,Organic/Direct,North America,34,812.29,4,0
Budget Hunter,Organic/Direct,Europe,12,468.73,4,1
Budget Hunter,Paid Search,North America,33,467.11,4,0
Regular Consumer,Paid Search,North America,24,1205.81,5,0
Regular Consumer,Paid Search,Asia-Pacific,20,1479.76,4,1
Regular Consumer,Social Media,Asia-Pacific,5,1509.85,2,0
Regular Consumer,Social Media,Latin America,38,1124.27,4,0
Regular Consumer,Organic/Direct,Asia-Pacific,30,1152.73,1,0
Regular Consumer,Paid Search,Europe,24,1376.8,4,0
High-Tier VIP,Paid Search,North America,43,2667.91,3,0
Regular Consumer,Social Media,Asia-Pacific,40,1093.86,4,0
Corporate/Bulk,Organic/Direct,Asia-Pacific,7,7699.01,3,0
Budget Hunter,Paid Search,Asia-Pacific,36,474.56,5,0
Budget Hunter,Social Media,Europe,38,318.01,3,0
Budget Hunter,Paid Search,North America,16,374.18,4,0
Regular Consumer,Email Referral,Asia-Pacific,15,1134.48,3,0
High-Tier VIP,Email Referral,Asia-Pacific,46,4181.08,5,0
Budget Hunter,Paid Search,Latin America,23,368.46,4,0
High-Tier VIP,Paid Search,North America,12,3678.03,3,1
Budget Hunter,Social Media,North America,29,332.63,5,0
High-Tier VIP,Paid Search,North America,44,4268.43,3,0
Budget Hunter,Organic/Direct,Asia-Pacific,15,312.97,4,0
Budget Hunter,Organic/Direct,North America,29,384.22,4,1
Regular Consumer,Organic/Direct,North America,45,1065.9,1,1
Budget Hunter,Organic/Direct,Latin America,43,490.97,5,0
Budget Hunter,Social Media,North America,21,405.03,3,1
Budget Hunter,Paid Search,Asia-Pacific,15,231.94,3,1
High-Tier VIP,Organic/Direct,North America,14,5119.74,5,0
Regular Consumer,Social Media,Asia-Pacific,42,993.16,4,0
Budget Hunter,Organic/Direct,Europe,44,361.87,2,0
Regular Consumer,Paid Search,Latin America,16,980.64,2,0
Regular Consumer,Paid Search,Latin America,15,541.68,4,0
Budget Hunter,Email Referral,North America,42,348.1,2,1
Regular Consumer,Paid Search,North America,4,769.68,5,0
Budget Hunter,Email Referral,North America,27,386.73,4,0
Budget Hunter,Email Referral,Europe,23,365.29,3,1
Regular Consumer,Organic/Direct,Asia-Pacific,29,1018.83,3,1
Budget Hunter,Organic/Direct,Europe,41,509.73,4,0
Regular Consumer,Social Media,Europe,9,828.21,3,0
Regular Consumer,Email Referral,North America,43,1012.7,4,0
Budget Hunter,Paid Search,Asia-Pacific,43,251.94,5,0
Regular Consumer,Social Media,Latin America,7,1812.39,4,0
Budget Hunter,Social Media,North America,42,468.32,4,0
Corporate/Bulk,Social Media,Europe,4,7089.16,3,0
Regular Consumer,Social Media,North America,5,952.33,4,0
High-Tier VIP,Paid Search,Europe,5,3609.38,4,0
Regular Consumer,Social Media,Europe,11,1034.78,4,0
Budget Hunter,Email Referral,North America,41,258.76,1,0
Regular Consumer,Paid Search,Europe,28,1018.27,5,0
Corporate/Bulk,Email Referral,North America,16,13763.4,3,1
Regular Consumer,Organic/Direct,Europe,41,1784.07,4,0
High-Tier VIP,Organic/Direct,Europe,30,2762.55,4,0
High-Tier VIP,Social Media,North America,4,3328.75,4,1
Budget Hunter,Organic/Direct,Asia-Pacific,2,368.69,3,0
Budget Hunter,Paid Search,Asia-Pacific,46,211.72,4,0
Regular Consumer,Organic/Direct,North America,3,1271.83,1,0
Regular Consumer,Paid Search,North America,21,1362.03,4,0
High-Tier VIP,Email Referral,Asia-Pacific,6,5288.23,2,0
High-Tier VIP,Email Referral,Latin America,43,5076.16,3,0
Budget Hunter,Paid Search,North America,18,303.17,2,0
Budget Hunter,Paid Search,North America,44,334.1,5,0
Regular Consumer,Organic/Direct,North America,5,846.14,4,1
Budget Hunter,Paid Search,Europe,9,390.63,4,0
High-Tier VIP,Email Referral,North America,20,6303.78,4,0
Regular Consumer,Paid Search,North America,28,1338.66,5,0
Regular Consumer,Paid Search,Europe,26,991.5,2,0
Budget Hunter,Email Referral,Europe,18,437.04,4,1
Regular Consumer,Organic/Direct,North America,19,1909.69,4,1
Regular Consumer,Organic/Direct,Europe,3,1272.94,1,0
Regular Consumer,Paid Search,Europe,9,1366.34,3,0
Budget Hunter,Organic/Direct,North America,36,409.3,3,0
Regular Consumer,Social Media,North America,31,718.66,2,0
High-Tier VIP,Social Media,Asia-Pacific,17,4037.49,3,0
Budget Hunter,Organic/Direct,North America,23,305.04,1,0
Budget Hunter,Social Media,Asia-Pacific,34,423.05,4,0
Budget Hunter,Social Media,Latin America,41,412.86,3,1
Regular Consumer,Paid Search,North America,41,1163.78,3,0
Regular Consumer,Organic/Direct,North America,5,1027.84,5,0
Regular Consumer,Paid Search,Europe,15,694.02,4,0
Budget Hunter,Organic/Direct,Asia-Pacific,47,348.65,3,0
Regular Consumer,Paid Search,Latin America,3,913.63,4,0
Regular Consumer,Social Media,Asia-Pacific,19,876.45,3,1
Regular Consumer,Organic/Direct,North America,28,1477.88,2,0
Corporate/Bulk,Paid Search,Europe,3,13260.28,1,0
Budget Hunter,Paid Search,Europe,38,307.25,5,0
Regular Consumer,Paid Search,Europe,4,729.29,4,0
Regular Consumer,Social Media,North America,24,952.26,4,1
Regular Consumer,Organic/Direct,North America,31,1497.98,5,0
Regular Consumer,Paid Search,Asia-Pacific,45,1340.32,5,0
Regular Consumer,Organic/Direct,Europe,45,1058.46,4,0
Corporate/Bulk,Paid Search,North America,11,11161.57,4,0
Budget Hunter,Social Media,North America,37,168.45,3,0
Budget Hunter,Email Referral,Asia-Pacific,1,161.83,2,0
Regular Consumer,Paid Search,Asia-Pacific,9,1793.14,4,0
Regular Consumer,Social Media,North America,17,1351.96,4,0
Budget Hunter,Paid Search,North America,1,350.15,5,1
Budget Hunter,Paid Search,North America,3,315.27,4,0
Budget Hunter,Paid Search,Latin America,47,195.84,4,1
High-Tier VIP,Paid Search,Europe,26,5617.37,4,1
Budget Hunter,Social Media,Europe,31,250.52,2,1
Budget Hunter,Social Media,Europe,26,411.62,4,0
Budget Hunter,Social Media,North America,23,361.55,4,0
Budget Hunter,Paid Search,Asia-Pacific,30,345.44,4,0
Budget Hunter,Paid Search,Europe,10,236.04,4,0
Regular Consumer,Organic/Direct,North America,8,813.28,2,0
Budget Hunter,Email Referral,North America,44,384.12,4,0
High-Tier VIP,Paid Search,Europe,25,4589.12,4,0
Budget Hunter,Email Referral,Latin America,22,354.13,4,0
Regular Consumer,Social Media,North America,15,1285.81,4,1
High-Tier VIP,Social Media,Asia-Pacific,41,2321.16,2,0
Regular Consumer,Social Media,Asia-Pacific,10,1504.54,3,0
Regular Consumer,Paid Search,North America,20,1093.23,3,0
Budget Hunter,Paid Search,North America,41,452.34,4,0
Budget Hunter,Social Media,North America,47,174.27,4,1
Regular Consumer,Paid Search,Asia-Pacific,23,1370.71,5,0
Corporate/Bulk,Email Referral,North America,1,12538.84,2,0
Regular Consumer,Social Media,North America,2,754.16,1,1
Regular Consumer,Paid Search,Europe,19,1008.22,4,0
Regular Consumer,Organic/Direct,Asia-Pacific,14,882.15,4,0
Regular Consumer,Paid Search,North America,8,1458.96,4,0
Budget Hunter,Social Media,Europe,38,377.03,5,0
Regular Consumer,Organic/Direct,Europe,12,1679.65,5,0
Corporate/Bulk,Email Referral,Europe,26,11558.12,2,0
Budget Hunter,Organic/Direct,Asia-Pacific,27,414.07,5,0
Regular Consumer,Organic/Direct,North America,29,1551.6,2,0
Budget Hunter,Organic/Direct,Asia-Pacific,15,398.51,4,0
Regular Consumer,Email Referral,Europe,46,1084.75,4,0
Budget Hunter,Paid Search,Europe,1,300.1,4,0
Regular Consumer,Paid Search,Europe,43,1176.08,3,0
Regular Consumer,Paid Search,Europe,28,1438.98,3,1
Budget Hunter,Paid Search,North America,3,282.97,4,0
Regular Consumer,Organic/Direct,Europe,18,1395.65,3,0
Regular Consumer,Social Media,Europe,34,1296.79,1,0
High-Tier VIP,Social Media,Europe,32,3090.03,4,0
Budget Hunter,Paid Search,North America,29,402.81,4,0
Regular Consumer,Organic/Direct,Latin America,25,1242.58,4,1
Budget Hunter,Paid Search,Europe,26,301.83,2,0
Corporate/Bulk,Organic/Direct,North America,39,11350.43,5,0
High-Tier VIP,Social Media,Europe,8,3924.39,2,0
Regular Consumer,Paid Search,Asia-Pacific,19,1274.3,5,0
High-Tier VIP,Paid Search,Asia-Pacific,47,4311.04,4,1
Regular Consumer,Paid Search,Europe,42,741.02,4,0
Regular Consumer,Organic/Direct,Asia-Pacific,22,1158.59,5,0
Budget Hunter,Email Referral,North America,29,311.27,3,0
Regular Consumer,Social Media,Europe,33,1390.68,3,0
Budget Hunter,Paid Search,Asia-Pacific,38,426.98,4,1
High-Tier VIP,Social Media,Asia-Pacific,45,3927.37,3,0
Regular Consumer,Organic/Direct,Europe,46,963.18,4,0
Regular Consumer,Organic/Direct,Asia-Pacific,35,695.95,3,0
Budget Hunter,Paid Search,North America,43,278.77,5,0
Budget Hunter,Paid Search,Asia-Pacific,3,321.71,4,1
Budget Hunter,Organic/Direct,North America,19,232.81,1,1
Budget Hunter,Social Media,North America,10,428.15,5,1
Budget Hunter,Paid Search,North America,27,372.94,3,1
High-Tier VIP,Paid Search,Europe,15,4364.53,3,0
Regular Consumer,Social Media,North America,11,1195.0,3,1
Budget Hunter,Email Referral,North America,47,376.78,4,0
Regular Consumer,Email Referral,North America,26,1389.93,4,0
Regular Consumer,Social Media,North America,24,1442.7,4,0
Regular Consumer,Social Media,Europe,13,1107.26,2,1
Regular Consumer,Paid Search,Europe,32,1157.42,5,0
High-Tier VIP,Social Media,North America,37,4694.59,4,0
Regular Consumer,Social Media,Asia-Pacific,4,1145.17,3,1
Corporate/Bulk,Social Media,Asia-Pacific,13,13398.87,4,0
High-Tier VIP,Social Media,Asia-Pacific,9,5880.74,4,0
Budget Hunter,Paid Search,North America,34,380.11,2,0
High-Tier VIP,Paid Search,Asia-Pacific,37,3478.28,2,0
Budget Hunter,Paid Search,North America,7,394.49,1,1
High-Tier VIP,Paid Search,North America,1,4931.66,5,0
Regular Consumer,Paid Search,North America,12,902.39,4,0
High-Tier VIP,Email Referral,Asia-Pacific,21,4930.42,3,0
High-Tier VIP,Social Media,North America,11,3887.79,2,0
High-Tier VIP,Social Media,North America,44,5339.36,4,0
Regular Consumer,Email Referral,North America,44,1350.08,4,0
Budget Hunter,Email Referral,Asia-Pacific,44,369.51,4,0
Budget Hunter,Social Media,Europe,14,353.37,5,0
Regular Consumer,Organic/Direct,North America,34,559.99,4,0
Budget Hunter,Paid Search,Europe,34,243.75,4,1
Regular Consumer,Paid Search,Europe,25,1160.76,3,1
Budget Hunter,Social Media,Europe,4,482.95,5,1
Corporate/Bulk,Organic/Direct,North America,26,12552.87,2,1
Regular Consumer,Organic/Direct,Asia-Pacific,16,1744.21,3,0
High-Tier VIP,Paid Search,North America,10,4593.36,4,0
Budget Hunter,Paid Search,Europe,45,347.3,1,0
High-Tier VIP,Social Media,North America,2,6103.27,3,1
High-Tier VIP,Paid Search,North America,35,4320.88,4,0
Regular Consumer,Social Media,North America,19,904.06,3,0
Regular Consumer,Organic/Direct,Europe,6,1295.03,3,0
Regular Consumer,Organic/Direct,North America,19,1536.75,4,0
Budget Hunter,Organic/Direct,Asia-Pacific,8,277.73,4,0
Regular Consumer,Email Referral,North America,14,1376.71,2,0
Regular Consumer,Social Media,Europe,10,1172.03,5,0
Budget Hunter,Organic/Direct,Asia-Pacific,3,389.49,1,1
Budget Hunter,Social Media,Europe,38,377.43,4,0
Budget Hunter,Paid Search,Asia-Pacific,29,313.75,2,0
Budget Hunter,Paid Search,Europe,15,340.71,4,0
Budget Hunter,Paid Search,North America,23,319.09,2,0
Corporate/Bulk,Social Media,Asia-Pacific,23,11326.56,2,1
Regular Consumer,Social Media,North America,18,946.17,2,0
Corporate/Bulk,Organic/Direct,Europe,46,9330.52,4,0
Regular Consumer,Paid Search,Asia-Pacific,19,1075.81,4,0
Budget Hunter,Paid Search,North America,28,384.27,2,1
Regular Consumer,Email Referral,North America,26,775.34,5,0
Regular Consumer,Paid Search,Europe,10,1167.86,3,1
Budget Hunter,Social Media,Asia-Pacific,47,288.03,4,0
Regular Consumer,Social Media,Latin America,4,1076.58,3,0
Budget Hunter,Social Media,Europe,2,292.24,4,1
Regular Consumer,Paid Search,Europe,3,1258.37,4,0
Regular Consumer,Paid Search,Latin America,7,1152.87,4,0
Budget Hunter,Paid Search,North America,16,412.27,3,1
Budget Hunter,Social Media,North America,31,385.15,3,1
Regular Consumer,Social Media,Asia-Pacific,10,738.89,4,0
Regular Consumer,Paid Search,Asia-Pacific,19,912.0,2,0
Budget Hunter,Social Media,Asia-Pacific,28,334.85,3,0
Corporate/Bulk,Organic/Direct,Europe,17,10881.93,2,1
Budget Hunter,Paid Search,North America,28,273.72,3,0
Regular Consumer,Social Media,Europe,19,1591.19,2,0
Corporate/Bulk,Organic/Direct,North America,37,13377.89,5,0
Budget Hunter,Paid Search,North America,23,206.09,4,0
Budget Hunter,Paid Search,Asia-Pacific,20,380.22,4,1
Budget Hunter,Social Media,North America,13,345.99,3,0
Budget Hunter,Email Referral,Asia-Pacific,13,458.84,4,0
Budget Hunter,Organic/Direct,Europe,43,212.64,4,0
Regular Consumer,Social Media,Europe,11,1817.96,4,0
Budget Hunter,Organic/Direct,North America,15,276.24,2,1
Regular Consumer,Social Media,North America,17,1313.56,5,0
Corporate/Bulk,Social Media,North America,28,9332.52,4,0
High-Tier VIP,Social Media,Latin America,19,4076.82,5,0
Regular Consumer,Paid Search,Asia-Pacific,4,693.17,1,0
Budget Hunter,Organic/Direct,Europe,22,454.73,3,0
Regular Consumer,Social Media,North America,22,1119.11,2,0
Regular Consumer,Social Media,Latin America,37,1139.5,4,0
Regular Consumer,Email Referral,North America,39,1893.74,3,0
Budget Hunter,Paid Search,North America,34,433.95,5,0
High-Tier VIP,Paid Search,Europe,33,3748.09,5,0
Regular Consumer,Paid Search,Latin America,44,1016.92,4,0
Budget Hunter,Organic/Direct,North America,42,372.73,4,0
Budget Hunter,Organic/Direct,North America,40,417.44,4,1
Regular Consumer,Paid Search,Latin America,33,1725.73,4,0
High-Tier VIP,Organic/Direct,North America,12,2690.89,3,0
Regular Consumer,Social Media,North America,2,1418.11,4,0
Regular Consumer,Organic/Direct,Europe,28,1466.3,5,0
Budget Hunter,Social Media,Asia-Pacific,10,280.92,3,0
Regular Consumer,Social Media,Europe,22,1091.92,5,0
Regular Consumer,Email Referral,Latin America,17,710.9,1,1
Budget Hunter,Paid Search,Europe,26,306.17,3,0
Budget Hunter,Paid Search,North America,3,370.31,2,1
Regular Consumer,Social Media,Latin America,7,1678.24,2,0
Budget Hunter,Email Referral,Europe,44,497.56,5,0
Regular Consumer,Social Media,North America,8,891.21,5,0
Budget Hunter,Paid Search,Europe,20,477.56,4,0
Budget Hunter,Paid Search,North America,12,179.43,5,0
Budget Hunter,Social Media,North America,35,298.82,3,0
Corporate/Bulk,Paid Search,North America,17,10170.02,2,0
High-Tier VIP,Organic/Direct,Europe,28,4783.26,4,0
Corporate/Bulk,Email Referral,Asia-Pacific,41,11292.9,5,0
Regular Consumer,Social Media,Europe,10,1309.71,1,1
Budget Hunter,Social Media,Latin America,22,333.99,5,0
Regular Consumer,Social Media,North America,38,1487.88,4,0
Regular Consumer,Paid Search,North America,33,1407.55,5,0
High-Tier VIP,Email Referral,North America,22,4174.24,3,0
Budget Hunter,Social Media,North America,44,423.71,4,1
Regular Consumer,Social Media,North America,37,1820.53,4,0
Budget Hunter,Organic/Direct,Asia-Pacific,13,291.09,4,0
Budget Hunter,Social Media,Latin America,27,496.59,3,0
Regular Consumer,Social Media,Latin America,15,1024.96,5,0
Regular Consumer,Paid Search,North America,22,1623.1,5,0
Budget Hunter,Organic/Direct,Asia-Pacific,30,302.23,1,0
Regular Consumer,Email Referral,North America,43,1429.7,2,0
Regular Consumer,Social Media,North America,40,1253.89,4,0
Regular Consumer,Email Referral,Asia-Pacific,37,664.42,4,0
High-Tier VIP,Paid Search,Europe,34,6655.0,4,0
Corporate/Bulk,Social Media,North America,44,8537.51,2,1
Regular Consumer,Social Media,Europe,34,819.12,4,0
Budget Hunter,Social Media,North America,35,294.05,4,1
Regular Consumer,Social Media,Asia-Pacific,42,1959.37,3,0
Regular Consumer,Paid Search,Europe,19,823.89,4,0
Budget Hunter,Paid Search,Latin America,8,365.6,3,1
High-Tier VIP,Social Media,North America,39,3236.44,2,1
Budget Hunter,Paid Search,North America,33,266.73,4,0
High-Tier VIP,Organic/Direct,Europe,44,2700.65,5,0
Regular Consumer,Paid Search,Europe,28,1294.55,3,0
Regular Consumer,Paid Search,North America,37,1151.63,3,0
Regular Consumer,Social Media,Asia-Pacific,25,860.59,3,0
High-Tier VIP,Social Media,Asia-Pacific,36,5482.35,3,0
Regular Consumer,Email Referral,Latin America,17,1493.62,4,0
Regular Consumer,Social Media,Asia-Pacific,24,1322.17,4,0
Budget Hunter,Paid Search,Asia-Pacific,21,452.43,1,1
Regular Consumer,Organic/Direct,Europe,2,1095.3,5,0
Budget Hunter,Social Media,Asia-Pacific,31,378.21,1,0
Regular Consumer,Paid Search,North America,44,1096.46,5,0
Regular Consumer,Social Media,North America,33,747.8,5,0
Regular Consumer,Email Referral,North America,30,1265.77,4,0
Budget Hunter,Social Media,Europe,12,363.88,2,1
Budget Hunter,Paid Search,North America,44,347.36,4,0
Regular Consumer,Paid Search,Latin America,12,1312.16,4,0
Budget Hunter,Paid Search,North America,24,473.54,5,0
Budget Hunter,Social Media,North America,24,332.11,4,0
Budget Hunter,Social Media,Europe,11,266.25,4,0
Corporate/Bulk,Paid Search,North America,13,10318.68,5,0
Regular Consumer,Email Referral,North America,27,1158.95,5,0
Budget Hunter,Organic/Direct,North America,8,436.06,4,0
Budget Hunter,Social Media,Europe,10,359.33,5,1
Budget Hunter,Organic/Direct,Europe,8,249.53,4,0
Regular Consumer,Paid Search,Asia-Pacific,20,1441.64,4,0
Regular Consumer,Social Media,Asia-Pacific,8,1393.54,4,0
Budget Hunter,Social Media,Europe,9,359.37,4,0
Budget Hunter,Organic/Direct,North America,7,432.97,3,1
Budget Hunter,Organic/Direct,North America,14,447.62,4,0
Regular Consumer,Paid Search,Asia-Pacific,28,1086.77,4,0
Regular Consumer,Email Referral,North America,2,929.95,3,0
Budget Hunter,Paid Search,North America,43,348.96,3,0
Budget Hunter,Email Referral,Asia-Pacific,8,396.95,4,1
Budget Hunter,Email Referral,Europe,13,340.78,4,1
Corporate/Bulk,Paid Search,North America,21,8281.84,2,0
Budget Hunter,Organic/Direct,North America,47,364.23,5,0
Regular Consumer,Paid Search,Latin America,28,589.95,5,0
Regular Consumer,Social Media,Asia-Pacific,35,1102.66,4,0
Regular Consumer,Social Media,Asia-Pacific,23,1455.35,3,0
Budget Hunter,Social Media,Europe,46,429.23,5,0
Budget Hunter,Email Referral,Europe,15,100.0,5,1
Regular Consumer,Organic/Direct,Latin America,2,1142.22,3,1
Regular Consumer,Social Media,Latin America,12,1379.78,2,0
Regular Consumer,Organic/Direct,North America,36,847.18,4,0
Regular Consumer,Email Referral,Asia-Pacific,3,1088.41,4,1
Budget Hunter,Paid Search,North America,5,455.68,2,0
Corporate/Bulk,Email Referral,North America,3,9668.55,4,0
Regular Consumer,Paid Search,Europe,47,1679.59,4,0
Budget Hunter,Organic/Direct,Europe,19,285.15,5,0
Corporate/Bulk,Paid Search,Latin America,2,14877.17,4,0
Regular Consumer,Paid Search,North America,44,1210.07,4,0
Regular Consumer,Social Media,Europe,37,936.5,5,0
Regular Consumer,Social Media,Latin America,17,1623.96,3,1
High-Tier VIP,Social Media,Latin America,14,3142.72,3,1
Regular Consumer,Paid Search,North America,28,961.21,4,0
Budget Hunter,Social Media,North America,27,392.87,3,1
Budget Hunter,Email Referral,Europe,10,357.07,5,0
High-Tier VIP,Social Media,North America,3,4808.21,2,0
Budget Hunter,Paid Search,Latin America,36,317.77,2,0
Budget Hunter,Social Media,Latin America,38,245.05,5,0
Regular Consumer,Paid Search,North America,25,1004.32,4,0
Regular Consumer,Organic/Direct,North America,22,1596.12,4,0
Regular Consumer,Organic/Direct,North America,39,798.91,3,0
High-Tier VIP,Social Media,Latin America,47,6350.03,2,0
Budget Hunter,Social Media,North America,30,377.64,5,0
Budget Hunter,Organic/Direct,Europe,21,297.78,3,0
Budget Hunter,Social Media,Europe,30,174.82,4,0
High-Tier VIP,Organic/Direct,Europe,28,2395.48,1,1
Regular Consumer,Social Media,North America,31,1093.23,3,0
Budget Hunter,Organic/Direct,North America,26,308.26,4,0
High-Tier VIP,Social Media,Latin America,43,4632.47,5,0
High-Tier VIP,Social Media,Latin America,22,6434.04,4,0
High-Tier VIP,Email Referral,Asia-Pacific,21,5104.79,4,0
High-Tier VIP,Social Media,North America,1,4355.23,4,1
Budget Hunter,Social Media,North America,37,456.47,4,1
Regular Consumer,Paid Search,Europe,13,1245.2,4,0
Regular Consumer,Social Media,North America,21,1679.91,3,0
High-Tier VIP,Social Media,Latin America,46,3743.9,3,0
Regular Consumer,Paid Search,Europe,9,855.66,5,0
Regular Consumer,Paid Search,North America,17,599.9,1,0
Regular Consumer,Social Media,Latin America,47,1168.38,2,1
Budget Hunter,Organic/Direct,Latin America,21,241.97,4,0
Regular Consumer,Social Media,North America,31,825.36,4,0
Corporate/Bulk,Paid Search,Europe,39,13844.38,4,0
High-Tier VIP,Organic/Direct,North America,22,2562.64,3,1
Budget Hunter,Paid Search,North America,12,359.06,5,0
Budget Hunter,Social Media,North America,6,342.72,4,0
Budget Hunter,Paid Search,Europe,16,358.06,5,0
Regular Consumer,Paid Search,Latin America,26,1615.23,1,0
High-Tier VIP,Paid Search,Europe,5,3571.1,3,1
Budget Hunter,Social Media,North America,9,471.18,3,0
Regular Consumer,Paid Search,Europe,46,671.94,3,0
High-Tier VIP,Social Media,North America,40,5232.08,2,0
Regular Consumer,Social Media,Asia-Pacific,14,1642.91,3,0
Regular Consumer,Social Media,Europe,44,100.0,4,0
Regular Consumer,Social Media,North America,42,1189.38,4,0
Regular Consumer,Organic/Direct,North America,30,1164.98,4,0
Budget Hunter,Paid Search,Asia-Pacific,26,356.29,1,1
Regular Consumer,Social Media,North America,45,1713.47,4,0
Regular Consumer,Paid Search,Asia-Pacific,29,970.91,2,1
High-Tier VIP,Paid Search,North America,19,3167.43,4,0
Regular Consumer,Social Media,North America,47,1223.74,4,0
Regular Consumer,Social Media,Europe,8,1537.29,4,0
Budget Hunter,Email Referral,Latin America,23,398.88,5,0
Regular Consumer,Social Media,Latin America,42,1210.3,5,0
Budget Hunter,Email Referral,North America,35,329.94,4,1
Budget Hunter,Paid Search,North America,31,174.39,5,0
Regular Consumer,Paid Search,North America,35,1375.76,4,0
Corporate/Bulk,Paid Search,Europe,32,12939.69,5,0
Budget Hunter,Paid Search,Europe,5,289.42,4,0
Regular Consumer,Social Media,Latin America,16,1060.58,4,0
High-Tier VIP,Social Media,Latin America,17,3320.74,4,0
Budget Hunter,Paid Search,North America,32,425.96,1,0
Regular Consumer,Email Referral,Europe,38,1090.24,4,0
Regular Consumer,Organic/Direct,Asia-Pacific,32,1155.21,5,0
Regular Consumer,Paid Search,Asia-Pacific,20,1388.78,4,0
Budget Hunter,Paid Search,North America,2,378.61,1,0
Budget Hunter,Paid Search,North America,20,399.29,3,0
Regular Consumer,Paid Search,Europe,47,1252.45,5,0
Regular Consumer,Paid Search,North America,18,1259.14,5,0
Budget Hunter,Social Media,North America,1,366.42,3,0
Regular Consumer,Paid Search,North America,29,1335.87,5,0
Budget Hunter,Social Media,Europe,29,393.88,5,0
Regular Consumer,Email Referral,North America,19,832.59,2,1
Budget Hunter,Organic/Direct,North America,44,297.75,5,0
Corporate/Bulk,Email Referral,North America,40,10440.76,3,0
Budget Hunter,Paid Search,Asia-Pacific,6,389.53,4,1
Budget Hunter,Social Media,Asia-Pacific,44,489.77,4,0
Budget Hunter,Social Media,Europe,39,278.84,4,0
Budget Hunter,Paid Search,Europe,46,426.88,4,0
High-Tier VIP,Paid Search,Latin America,8,3859.94,4,0
Corporate/Bulk,Organic/Direct,North America,24,14768.92,5,0
Budget Hunter,Social Media,North America,20,517.33,5,0
Regular Consumer,Social Media,North America,14,675.6,4,0
Regular Consumer,Social Media,North America,5,1102.1,4,1
High-Tier VIP,Social Media,North America,41,1855.97,1,1
Regular Consumer,Paid Search,Latin America,40,693.05,4,0
Regular Consumer,Paid Search,Europe,34,711.74,5,0
Regular Consumer,Paid Search,Europe,16,1387.22,3,1
Regular Consumer,Paid Search,Latin America,45,1331.1,5,0
Budget Hunter,Email Referral,North America,7,420.11,5,1
Regular Consumer,Social Media,North America,16,1382.37,4,0
Budget Hunter,Organic/Direct,Europe,7,392.44,4,1
Regular Consumer,Paid Search,Europe,27,1233.56,4,0
Budget Hunter,Social Media,North America,14,338.55,4,1
Regular Consumer,Paid Search,Europe,14,1505.88,4,0
Regular Consumer,Paid Search,Europe,44,1203.68,5,0
Regular Consumer,Paid Search,Europe,33,1357.55,4,0
Budget Hunter,Organic/Direct,Europe,33,146.1,4,0
Regular Consumer,Organic/Direct,North America,44,847.48,4,0
Regular Consumer,Social Media,North America,20,1494.07,2,0
Regular Consumer,Social Media,Europe,47,999.47,1,0
Regular Consumer,Email Referral,North America,36,781.39,5,0
Regular Consumer,Paid Search,Latin America,7,1392.39,3,0
High-Tier VIP,Paid Search,Europe,32,4501.5,4,0
Budget Hunter,Paid Search,North America,3,314.39,4,0
High-Tier VIP,Organic/Direct,Asia-Pacific,39,6197.75,1,0
Regular Consumer,Email Referral,Europe,29,1601.23,1,1
Budget Hunter,Paid Search,North America,24,333.56,5,0
Budget Hunter,Email Referral,Asia-Pacific,22,413.21,4,0
Budget Hunter,Organic/Direct,Asia-Pacific,6,154.11,4,0
Regular Consumer,Paid Search,Europe,24,1528.01,5,0
Regular Consumer,Social Media,North America,40,874.02,2,0
Regular Consumer,Social Media,Europe,23,764.36,3,0
Regular Consumer,Email Referral,Asia-Pacific,38,664.42,4,0
Regular Consumer,Paid Search,North America,10,641.23,4,1
Budget Hunter,Organic/Direct,North America,16,444.53,4,0
Budget Hunter,Paid Search,Asia-Pacific,11,405.23,5,1
Regular Consumer,Organic/Direct,North America,32,970.24,5,0
Budget Hunter,Social Media,Asia-Pacific,45,424.8,1,0
Budget Hunter,Social Media,Europe,6,297.94,2,0
Regular Consumer,Organic/Direct,Europe,24,1297.09,5,0
Regular Consumer,Organic/Direct,North America,33,1055.31,3,0
Corporate/Bulk,Email Referral,Asia-Pacific,12,10670.1,2,0
High-Tier VIP,Paid Search,North America,27,3478.28,4,0
Regular Consumer,Organic/Direct,Europe,38,972.05,4,0
Regular Consumer,Paid Search,Europe,18,1363.23,4,0
Regular Consumer,Social Media,Asia-Pacific,45,1411.43,3,0
Regular Consumer,Social Media,Latin America,39,1075.76,4,0
Budget Hunter,Social Media,Europe,13,216.52,4,0
Regular Consumer,Social Media,North America,40,1941.37,3,0
High-Tier VIP,Email Referral,Latin America,30,4541.28,3,0
Regular Consumer,Paid Search,Europe,41,1293.64,4,0
Regular Consumer,Organic/Direct,North America,13,821.6,5,0
Regular Consumer,Social Media,North America,34,1564.57,5,0
Budget Hunter,Paid Search,Asia-Pacific,36,469.69,3,0
Budget Hunter,Paid Search,North America,30,200.55,4,0
Budget Hunter,Email Referral,Europe,25,341.04,4,0
Budget Hunter,Email Referral,Europe,2,334.21,5,0
Budget Hunter,Email Referral,North America,36,558.99,4,0
High-Tier VIP,Email Referral,Europe,18,6124.07,1,0
Budget Hunter,Paid Search,North America,5,223.06,4,0
Regular Consumer,Social Media,Europe,19,981.58,2,0
Budget Hunter,Organic/Direct,Europe,42,271.86,2,0
High-Tier VIP,Social Media,Europe,18,4918.14,4,0
Budget Hunter,Social Media,Asia-Pacific,32,487.57,5,0
Regular Consumer,Social Media,Asia-Pacific,21,1232.75,3,0
High-Tier VIP,Social Media,Asia-Pacific,10,5063.81,4,0
High-Tier VIP,Social Media,North America,37,3752.65,3,0
Budget Hunter,Paid Search,North America,22,393.38,5,0
High-Tier VIP,Social Media,Europe,13,3969.09,4,0
Regular Consumer,Social Media,Latin America,17,707.77,3,0
Regular Consumer,Social Media,Asia-Pacific,9,1329.26,3,1
Budget Hunter,Paid Search,Asia-Pacific,24,349.14,4,0
Budget Hunter,Organic/Direct,North America,44,254.0,2,0
Regular Consumer,Paid Search,Europe,14,1693.62,2,1
Regular Consumer,Social Media,Europe,46,970.06,4,0
Regular Consumer,Organic/Direct,North America,8,1382.73,4,0
Regular Consumer,Social Media,North America,37,1091.24,4,1
Regular Consumer,Paid Search,Latin America,19,1663.07,2,0
Budget Hunter,Organic/Direct,North America,28,329.21,4,1
Regular Consumer,Social Media,North America,46,697.61,4,0
Budget Hunter,Organic/Direct,North America,41,420.88,1,1
Regular Consumer,Organic/Direct,Latin America,30,1661.86,4,0
Regular Consumer,Social Media,Europe,7,1071.72,2,0
Corporate/Bulk,Social Media,Europe,26,12866.93,5,0
Budget Hunter,Paid Search,Latin America,40,361.33,4,0
Budget Hunter,Paid Search,North America,46,316.51,4,0
Budget Hunter,Social Media,Europe,46,423.57,2,0
Budget Hunter,Social Media,North America,11,280.0,3,0
Budget Hunter,Social Media,North America,14,352.84,4,0
High-Tier VIP,Paid Search,Asia-Pacific,21,4789.53,4,0
Budget Hunter,Paid Search,Asia-Pacific,8,369.35,3,0
Budget Hunter,Social Media,North America,3,282.15,1,0
Regular Consumer,Paid Search,North America,28,1817.88,3,0
Regular Consumer,Organic/Direct,Europe,29,1578.67,4,0
Regular Consumer,Paid Search,North America,23,1497.12,3,1
Budget Hunter,Social Media,North America,18,475.41,4,0
Regular Consumer,Email Referral,North America,35,1220.63,3,0
Budget Hunter,Paid Search,North America,13,317.51,4,1
Budget Hunter,Social Media,Asia-Pacific,12,254.71,3,0
High-Tier VIP,Paid Search,North America,47,3708.64,4,0
Budget Hunter,Social Media,North America,5,261.27,1,1
Regular Consumer,Social Media,Europe,39,1041.57,2,0
Regular Consumer,Social Media,Asia-Pacific,11,1282.94,4,0
Budget Hunter,Social Media,North America,11,429.98,3,0
High-Tier VIP,Email Referral,North America,47,5497.15,3,0
Budget Hunter,Paid Search,North America,42,247.49,5,0
Regular Consumer,Paid Search,Asia-Pacific,47,1406.74,5,0
Corporate/Bulk,Email Referral,Europe,31,14145.61,3,0
Regular Consumer,Social Media,Asia-Pacific,31,1123.73,5,0
High-Tier VIP,Email Referral,Latin America,13,5847.47,4,1
Budget Hunter,Social Media,Asia-Pacific,14,426.63,3,0
Regular Consumer,Organic/Direct,Europe,45,820.62,5,0
Budget Hunter,Social Media,Europe,42,541.78,5,0
Regular Consumer,Organic/Direct,North America,25,985.31,5,0
Corporate/Bulk,Email Referral,Latin America,33,13632.9,2,0
Budget Hunter,Social Media,North America,33,430.61,2,0
Regular Consumer,Paid Search,North America,15,832.8,4,0
Budget Hunter,Paid Search,Europe,16,365.66,4,0
Regular Consumer,Paid Search,North America,44,1472.67,2,0
Regular Consumer,Paid Search,Europe,38,829.62,5,0
Corporate/Bulk,Paid Search,Europe,6,11273.94,4,0
Regular Consumer,Social Media,Europe,44,1497.8,4,0
Budget Hunter,Social Media,Asia-Pacific,25,442.51,4,0
Budget Hunter,Social Media,North America,15,315.26,4,0
Budget Hunter,Social Media,Europe,4,485.13,1,1
Budget Hunter,Paid Search,Europe,4,464.23,5,0
Budget Hunter,Paid Search,Europe,30,371.11,3,0
High-Tier VIP,Paid Search,Asia-Pacific,34,3758.68,2,0
Regular Consumer,Social Media,North America,27,850.24,5,0
Regular Consumer,Paid Search,Europe,31,1313.26,5,0
Budget Hunter,Paid Search,North America,32,478.14,5,0
High-Tier VIP,Social Media,Latin America,44,4334.45,5,0
Regular Consumer,Organic/Direct,North America,39,942.28,4,0
Budget Hunter,Paid Search,Asia-Pacific,9,422.18,5,0
Regular Consumer,Social Media,North America,41,1252.35,1,0
Regular Consumer,Organic/Direct,North America,8,1354.77,4,0
Budget Hunter,Organic/Direct,Europe,14,304.04,4,1
Regular Consumer,Email Referral,Asia-Pacific,33,1089.04,1,1
Regular Consumer,Paid Search,Europe,23,1041.0,4,0
Budget Hunter,Paid Search,Latin America,21,393.68,4,0
High-Tier VIP,Email Referral,Europe,12,4118.18,4,1
High-Tier VIP,Social Media,Europe,2,5166.48,2,0
Regular Consumer,Social Media,North America,13,1013.59,5,0
Regular Consumer,Organic/Direct,Asia-Pacific,4,1349.25,2,1
Regular Consumer,Organic/Direct,North America,20,1411.13,4,0
Regular Consumer,Email Referral,Asia-Pacific,14,1299.46,5,0
Regular Consumer,Email Referral,Latin America,30,1475.11,4,0
Budget Hunter,Organic/Direct,Latin America,29,307.87,3,1
Regular Consumer,Paid Search,Europe,8,1407.79,1,1
High-Tier VIP,Email Referral,Europe,12,4762.51,4,0
Regular Consumer,Paid Search,Asia-Pacific,41,957.08,5,0
Budget Hunter,Paid Search,North America,38,183.13,5,0
Regular Consumer,Email Referral,Europe,26,692.05,4,0
Budget Hunter,Paid Search,North America,2,156.77,2,1
Budget Hunter,Paid Search,Europe,40,387.29,3,0
Budget Hunter,Paid Search,North America,14,321.58,3,1
Budget Hunter,Email Referral,North America,6,357.63,3,0
Regular Consumer,Social Media,North America,42,1145.88,3,1
Regular Consumer,Organic/Direct,Europe,40,1374.5,3,1
Budget Hunter,Paid Search,Europe,31,403.45,4,1
High-Tier VIP,Organic/Direct,North America,17,4548.26,3,0
High-Tier VIP,Organic/Direct,Europe,25,4616.35,4,0
High-Tier VIP,Paid Search,North America,32,4661.29,5,0
Budget Hunter,Social Media,Europe,12,471.78,4,0
Regular Consumer,Paid Search,Europe,13,598.62,4,0
Corporate/Bulk,Email Referral,Europe,19,9156.07,4,0
Regular Consumer,Social Media,Asia-Pacific,44,1459.58,3,0
Budget Hunter,Email Referral,North America,25,446.94,1,0
Budget Hunter,Paid Search,Asia-Pacific,31,387.38,1,1
Regular Consumer,Organic/Direct,Europe,37,1144.76,3,1
High-Tier VIP,Organic/Direct,Europe,25,6594.25,4,1
Regular Consumer,Organic/Direct,Europe,16,1253.34,5,0
Regular Consumer,Email Referral,North America,38,1209.24,5,0
Budget Hunter,Social Media,Europe,43,466.53,1,0
Regular Consumer,Paid Search,Europe,23,1342.67,5,0
High-Tier VIP,Organic/Direct,North America,14,5557.31,3,0
Regular Consumer,Organic/Direct,North America,6,1517.09,5,0
Regular Consumer,Social Media,North America,25,1088.26,3,1
Corporate/Bulk,Paid Search,Latin America,23,15861.26,2,0
Budget Hunter,Social Media,Europe,43,134.56,3,0
Regular Consumer,Paid Search,North America,12,606.1,5,0
Budget Hunter,Social Media,North America,13,290.48,3,0
Regular Consumer,Social Media,Europe,36,1072.99,2,0
Regular Consumer,Organic/Direct,Asia-Pacific,39,1308.79,5,0
Regular Consumer,Paid Search,North America,34,993.17,5,0
Regular Consumer,Social Media,North America,6,1196.42,1,1
Regular Consumer,Paid Search,Asia-Pacific,38,1138.46,4,0
High-Tier VIP,Paid Search,North America,40,6755.02,3,0
Regular Consumer,Organic/Direct,North America,8,958.51,3,1
Budget Hunter,Email Referral,Latin America,8,202.73,4,0
Regular Consumer,Social Media,Europe,40,1535.7,4,0
Regular Consumer,Organic/Direct,North America,33,985.81,4,0
Budget Hunter,Email Referral,North America,34,341.98,4,0
High-Tier VIP,Organic/Direct,North America,44,3773.05,4,0
High-Tier VIP,Paid Search,North America,15,5329.32,4,0
Budget Hunter,Email Referral,Asia-Pacific,36,229.75,4,0
Corporate/Bulk,Social Media,Europe,35,3302.22,4,0
Budget Hunter,Paid Search,Asia-Pacific,46,463.38,2,1
Budget Hunter,Paid Search,Latin America,22,371.65,4,0
Budget Hunter,Social Media,Europe,23,443.86,4,0
High-Tier VIP,Paid Search,North America,40,5919.99,4,1
Regular Consumer,Paid Search,Europe,45,925.06,4,0
Budget Hunter,Paid Search,Latin America,22,355.31,3,0
Regular Consumer,Organic/Direct,Asia-Pacific,5,1351.62,4,0
Regular Consumer,Email Referral,North America,31,1167.51,3,0
Budget Hunter,Paid Search,Europe,13,322.69,5,0
High-Tier VIP,Email Referral,Europe,28,4259.64,4,0
High-Tier VIP,Email Referral,Latin America,20,5718.99,3,1
Regular Consumer,Organic/Direct,North America,33,1122.3,4,0
Corporate/Bulk,Paid Search,Europe,16,12650.63,5,0
Regular Consumer,Organic/Direct,Asia-Pacific,29,1304.07,3,0
Corporate/Bulk,Email Referral,Europe,23,8348.5,4,0
Regular Consumer,Organic/Direct,Europe,24,1290.59,4,0
Regular Consumer,Paid Search,North America,34,738.4,4,0
Budget Hunter,Social Media,North America,7,385.13,2,1
High-Tier VIP,Social Media,North America,38,5502.51,4,0
Regular Consumer,Social Media,Latin America,37,1536.42,5,0
Budget Hunter,Paid Search,North America,4,266.64,5,0
Budget Hunter,Paid Search,Europe,34,303.09,4,0
Regular Consumer,Organic/Direct,Europe,42,1285.22,5,0
Regular Consumer,Email Referral,North America,22,1057.22,4,0
Regular Consumer,Paid Search,Europe,5,621.34,4,0
High-Tier VIP,Email Referral,Asia-Pacific,42,3890.59,4,1
Budget Hunter,Paid Search,Asia-Pacific,23,374.52,2,0
Regular Consumer,Organic/Direct,Europe,15,1520.26,4,0
Budget Hunter,Organic/Direct,Europe,31,497.81,4,1
High-Tier VIP,Organic/Direct,North America,9,4640.57,5,0
High-Tier VIP,Email Referral,Latin America,43,5137.31,4,0
Regular Consumer,Paid Search,North America,25,1488.24,4,1
Regular Consumer,Email Referral,Asia-Pacific,25,584.83,3,0
Budget Hunter,Paid Search,North America,21,260.82,3,1
Regular Consumer,Organic/Direct,Latin America,9,1230.77,3,0
High-Tier VIP,Organic/Direct,Asia-Pacific,38,6250.44,4,0
Regular Consumer,Organic/Direct,Asia-Pacific,22,1388.93,3,0
Budget Hunter,Paid Search,North America,43,378.85,4,0
Regular Consumer,Email Referral,Europe,23,1131.57,3,1
High-Tier VIP,Paid Search,Europe,4,4980.14,4,1
Budget Hunter,Paid Search,Asia-Pacific,29,297.81,5,1
Budget Hunter,Organic/Direct,North America,15,281.76,4,0
Regular Consumer,Social Media,Latin America,1,992.12,3,0
High-Tier VIP,Organic/Direct,Asia-Pacific,30,6008.04,4,0
Budget Hunter,Social Media,North America,29,276.48,2,1
Budget Hunter,Paid Search,Asia-Pacific,20,315.11,2,0
Budget Hunter,Organic/Direct,Europe,33,391.21,2,0
Budget Hunter,Social Media,Europe,41,272.98,2,1
Regular Consumer,Paid Search,North America,44,1267.85,2,0
Regular Consumer,Organic/Direct,Europe,36,1267.74,3,1
Regular Consumer,Social Media,Asia-Pacific,22,1012.66,2,0
Regular Consumer,Social Media,Europe,13,1122.37,4,0
Budget Hunter,Social Media,Europe,7,267.44,5,0
High-Tier VIP,Organic/Direct,Europe,8,6055.61,5,0
Regular Consumer,Organic/Direct,Asia-Pacific,28,1277.28,1,0
Corporate/Bulk,Organic/Direct,North America,45,8116.23,4,1
Regular Consumer,Paid Search,Asia-Pacific,43,1237.9,5,0
Budget Hunter,Organic/Direct,Europe,9,365.01,2,0
Regular Consumer,Organic/Direct,North America,25,527.03,5,1
Budget Hunter,Organic/Direct,North America,16,467.29,4,0
Regular Consumer,Social Media,Europe,10,903.12,5,0
Budget Hunter,Email Referral,Asia-Pacific,11,532.89,5,0
Budget Hunter,Organic/Direct,North America,31,419.59,4,0
High-Tier VIP,Paid Search,Asia-Pacific,12,3232.32,4,0
Budget Hunter,Social Media,North America,31,322.5,3,0
High-Tier VIP,Email Referral,Europe,14,5537.95,2,0
Budget Hunter,Paid Search,Latin America,44,329.2,4,0
Regular Consumer,Email Referral,Asia-Pacific,32,1553.47,3,0
Regular Consumer,Organic/Direct,North America,17,1087.18,2,1
Regular Consumer,Social Media,Europe,35,1176.4,3,1
Budget Hunter,Paid Search,North America,1,433.14,5,1
Budget Hunter,Paid Search,Europe,29,402.8,1,1
Budget Hunter,Email Referral,Asia-Pacific,4,269.04,3,1
Budget Hunter,Paid Search,Asia-Pacific,23,387.98,4,0
Regular Consumer,Organic/Direct,North America,28,1250.23,4,0
High-Tier VIP,Social Media,Latin America,16,3474.3,3,1
High-Tier VIP,Paid Search,Europe,12,2935.71,5,1
Regular Consumer,Paid Search,North America,21,620.58,4,1
Regular Consumer,Social Media,Europe,45,1111.67,4,0
Regular Consumer,Email Referral,Europe,17,1183.8,1,1
Budget Hunter,Social Media,Europe,40,394.15,4,0
High-Tier VIP,Social Media,Europe,13,5423.04,5,0
Regular Consumer,Paid Search,Europe,32,1075.84,3,0
Regular Consumer,Social Media,North America,37,1175.08,3,0
Budget Hunter,Social Media,Asia-Pacific,15,283.61,1,1
Regular Consumer,Email Referral,Europe,12,1226.17,5,0
Regular Consumer,Social Media,North America,15,1490.55,2,1
High-Tier VIP,Social Media,Asia-Pacific,34,4613.79,5,1
Regular Consumer,Paid Search,Latin America,6,1549.0,3,1
Regular Consumer,Email Referral,Latin America,17,1485.53,4,0
Corporate/Bulk,Paid Search,North America,20,15008.67,4,0
Budget Hunter,Paid Search,North America,9,361.31,2,0
Regular Consumer,Organic/Direct,Europe,5,1040.27,4,1
Budget Hunter,Social Media,North America,23,404.36,3,0
Regular Consumer,Social Media,Latin America,33,1088.13,1,0
High-Tier VIP,Social Media,North America,38,5163.58,5,0
Budget Hunter,Organic/Direct,North America,14,292.0,1,1
High-Tier VIP,Paid Search,Europe,17,3568.04,4,0
Budget Hunter,Organic/Direct,North America,19,456.44,3,0
High-Tier VIP,Social Media,Asia-Pacific,33,3360.85,3,0
Regular Consumer,Social Media,Europe,1,1506.67,4,1
High-Tier VIP,Social Media,North America,13,5159.28,4,0
Budget Hunter,Paid Search,North America,46,358.25,3,1
Corporate/Bulk,Organic/Direct,Europe,27,5795.23,4,0
Regular Consumer,Social Media,North America,6,1645.7,3,0
Budget Hunter,Paid Search,Europe,6,268.2,5,1
High-Tier VIP,Social Media,Europe,33,5572.3,3,0
Budget Hunter,Email Referral,Asia-Pacific,30,289.54,3,1
High-Tier VIP,Social Media,Latin America,46,3632.44,4,0
Budget Hunter,Email Referral,Latin America,35,408.5,1,0
Regular Consumer,Paid Search,Latin America,23,1361.54,3,1
Regular Consumer,Paid Search,North America,10,856.47,3,0
Budget Hunter,Paid Search,North America,19,475.72,5,0
Budget Hunter,Social Media,North America,28,331.97,5,0
Budget Hunter,Paid Search,Asia-Pacific,23,356.03,4,0
Regular Consumer,Paid Search,Latin America,4,1110.88,4,0
Budget Hunter,Email Referral,Asia-Pacific,20,253.51,4,1
Regular Consumer,Organic/Direct,North America,19,1420.57,4,1
Budget Hunter,Organic/Direct,Latin America,42,375.34,3,0
Budget Hunter,Paid Search,Europe,27,279.56,5,0
Regular Consumer,Paid Search,North America,34,1483.24,2,0
Budget Hunter,Paid Search,Europe,4,354.8,3,1
High-Tier VIP,Organic/Direct,North America,38,4585.92,5,0
High-Tier VIP,Email Referral,Europe,7,6498.58,4,0
Regular Consumer,Social Media,North America,7,717.6,1,1
Regular Consumer,Paid Search,Europe,26,713.64,1,1
High-Tier VIP,Social Media,Europe,26,2929.49,4,0
Budget Hunter,Paid Search,Asia-Pacific,19,381.82,4,1
Budget Hunter,Social Media,Europe,9,318.58,4,1
Budget Hunter,Social Media,Europe,20,325.54,3,0
Regular Consumer,Organic/Direct,Asia-Pacific,42,917.28,5,1
Budget Hunter,Paid Search,Latin America,45,495.71,3,0
Regular Consumer,Paid Search,North America,16,1800.31,4,0
Corporate/Bulk,Email Referral,Europe,17,13471.99,4,0
High-Tier VIP,Paid Search,North America,22,2804.3,2,1
Regular Consumer,Paid Search,North America,13,1053.93,3,0
Budget Hunter,Paid Search,Europe,12,422.4,5,0
High-Tier VIP,Paid Search,Asia-Pacific,10,4448.44,5,0
Regular Consumer,Social Media,North America,1,1470.67,3,0
Budget Hunter,Organic/Direct,Asia-Pacific,32,459.18,5,0
Budget Hunter,Paid Search,Asia-Pacific,30,516.88,3,0
High-Tier VIP,Social Media,Latin America,8,3763.28,4,0
Regular Consumer,Organic/Direct,North America,21,1224.39,2,0
High-Tier VIP,Social Media,Latin America,22,4004.14,5,0
High-Tier VIP,Email Referral,North America,18,2249.12,1,0
Regular Consumer,Email Referral,Europe,2,1410.48,4,0
Regular Consumer,Paid Search,North America,44,1369.03,4,0
Regular Consumer,Organic/Direct,North America,9,1035.95,2,1
Budget Hunter,Social Media,Asia-Pacific,3,210.17,4,0
Regular Consumer,Email Referral,Europe,26,1084.76,1,1
Regular Consumer,Social Media,North America,21,1419.34,4,0
Regular Consumer,Email Referral,North America,30,1601.2,3,0
High-Tier VIP,Organic/Direct,Europe,28,3698.35,4,1
Regular Consumer,Paid Search,North America,36,1532.31,5,0
Regular Consumer,Social Media,Asia-Pacific,26,1386.74,3,0
Regular Consumer,Email Referral,North America,34,1323.97,1,1
Regular Consumer,Email Referral,North America,8,811.93,4,0
Regular Consumer,Paid Search,North America,10,824.97,4,0
Budget Hunter,Organic/Direct,Europe,43,277.31,5,0
Regular Consumer,Paid Search,North America,14,1102.08,2,1
Budget Hunter,Paid Search,North America,40,507.57,3,1
Regular Consumer,Social Media,Latin America,15,1001.33,5,0
Regular Consumer,Paid Search,Europe,17,1431.38,5,0
Regular Consumer,Organic/Direct,North America,18,1060.57,4,1
Corporate/Bulk,Paid Search,Europe,32,12299.95,3,0
Regular Consumer,Organic/Direct,Asia-Pacific,38,1181.11,3,0
Regular Consumer,Paid Search,North America,23,1253.11,2,1
Regular Consumer,Paid Search,North America,46,1310.88,5,0
Regular Consumer,Paid Search,Asia-Pacific,23,1125.16,2,0
Budget Hunter,Paid Search,Europe,35,382.77,4,0
Budget Hunter,Paid Search,Europe,39,457.97,4,1
Budget Hunter,Paid Search,North America,15,284.01,3,0
Regular Consumer,Social Media,North America,24,1555.76,3,0
Budget Hunter,Paid Search,Europe,28,326.79,4,0
Budget Hunter,Social Media,North America,16,317.54,3,1
Budget Hunter,Social Media,Europe,16,411.21,3,0
Corporate/Bulk,Email Referral,Europe,40,10061.81,3,0
Budget Hunter,Email Referral,North America,39,377.93,5,0
Regular Consumer,Social Media,Latin America,6,1267.72,5,0
Budget Hunter,Paid Search,Asia-Pacific,2,167.69,4,0
Regular Consumer,Paid Search,Asia-Pacific,13,1325.28,4,1
Budget Hunter,Email Referral,North America,44,223.9,4,1
Budget Hunter,Paid Search,North America,47,230.57,4,0
Regular Consumer,Paid Search,Europe,9,1309.94,5,0
Budget Hunter,Paid Search,North America,34,396.95,4,1
Budget Hunter,Paid Search,Latin America,17,455.44,2,0
Budget Hunter,Paid Search,North America,27,254.68,5,0
Budget Hunter,Organic/Direct,Europe,29,285.14,4,0
Budget Hunter,Paid Search,North America,37,390.63,3,1
Budget Hunter,Social Media,Europe,43,457.12,5,0
High-Tier VIP,Paid Search,North America,22,4716.2,3,1
Regular Consumer,Paid Search,Europe,24,936.6,3,0
Regular Consumer,Email Referral,North America,7,1651.93,4,1
Budget Hunter,Paid Search,Asia-Pacific,34,327.04,3,0
High-Tier VIP,Organic/Direct,North America,12,4239.9,4,1
Regular Consumer,Social Media,Latin America,23,769.25,2,0
Budget Hunter,Paid Search,Asia-Pacific,15,413.36,2,0
Regular Consumer,Email Referral,North America,33,1455.78,4,0
Budget Hunter,Paid Search,Asia-Pacific,13,288.24,4,0
Budget Hunter,Email Referral,North America,23,503.23,2,0
Regular Consumer,Paid Search,Latin America,38,1023.86,5,0
High-Tier VIP,Email Referral,Europe,32,5203.41,4,0
Regular Consumer,Paid Search,North America,45,1267.09,2,1
Regular Consumer,Social Media,North America,35,592.33,3,1
Corporate/Bulk,Organic/Direct,North America,1,12495.73,5,0
Budget Hunter,Email Referral,Latin America,47,389.74,4,1
Budget Hunter,Email Referral,North America,45,195.44,3,0
Regular Consumer,Organic/Direct,Europe,5,1657.6,2,0
Regular Consumer,Email Referral,Europe,13,1337.46,4,0
Regular Consumer,Paid Search,Latin America,5,1571.82,3,1
High-Tier VIP,Paid Search,North America,32,2569.38,4,0
Regular Consumer,Paid Search,Europe,21,1076.87,5,0
Regular Consumer,Social Media,Europe,24,1554.18,3,0
Budget Hunter,Social Media,Asia-Pacific,18,212.77,5,0
High-Tier VIP,Social Media,North America,21,4071.25,5,0
Corporate/Bulk,Paid Search,North America,10,12117.88,5,0
High-Tier VIP,Organic/Direct,North America,24,2368.6,5,0
Budget Hunter,Paid Search,Asia-Pacific,40,234.38,5,0
Regular Consumer,Paid Search,North America,47,1614.63,4,0
Budget Hunter,Social Media,Europe,21,355.23,4,0
Budget Hunter,Organic/Direct,North America,25,452.96,4,1
Budget Hunter,Organic/Direct,Asia-Pacific,23,365.93,5,0
Regular Consumer,Social Media,Latin America,22,1936.77,3,0
Regular Consumer,Paid Search,Europe,4,1331.62,2,0
Budget Hunter,Social Media,North America,34,461.11,2,1
Regular Consumer,Paid Search,North America,6,1126.17,5,0
Regular Consumer,Social Media,North America,28,1263.22,4,0
Budget Hunter,Social Media,North America,31,406.16,4,0
Budget Hunter,Paid Search,Europe,35,420.68,3,0
Regular Consumer,Paid Search,Europe,39,1188.3,4,0
Regular Consumer,Email Referral,Latin America,42,1200.82,1,0
Budget Hunter,Email Referral,North America,23,393.92,4,0
Budget Hunter,Social Media,Europe,6,393.86,3,0
Budget Hunter,Paid Search,Europe,16,260.31,5,0
High-Tier VIP,Paid Search,Europe,2,4753.08,4,0
Regular Consumer,Social Media,North America,24,1296.23,4,1
Regular Consumer,Email Referral,Europe,17,907.1,4,0
Budget Hunter,Paid Search,Europe,45,429.27,4,0
Regular Consumer,Organic/Direct,Asia-Pacific,1,1323.82,3,1
Budget Hunter,Paid Search,Latin America,6,553.93,4,0
Regular Consumer,Email Referral,North America,5,1192.2,5,0
High-Tier VIP,Social Media,North America,45,5778.12,4,0
Regular Consumer,Organic/Direct,Europe,29,1361.74,4,0
High-Tier VIP,Paid Search,Europe,12,6661.62,5,0
Regular Consumer,Social Media,North America,39,909.01,5,0
Budget Hunter,Paid Search,Asia-Pacific,47,306.66,4,0
High-Tier VIP,Paid Search,Latin America,3,3447.33,4,0
Budget Hunter,Email Referral,Latin America,1,343.18,5,0
Regular Consumer,Email Referral,North America,27,862.58,5,0
Budget Hunter,Email Referral,Asia-Pacific,24,216.47,5,0
Budget Hunter,Social Media,Asia-Pacific,44,163.33,4,1
Regular Consumer,Organic/Direct,Europe,19,540.76,3,0
Budget Hunter,Paid Search,Europe,8,407.43,2,1
Regular Consumer,Paid Search,Asia-Pacific,44,1063.37,3,0
Regular Consumer,Paid Search,Europe,47,829.87,5,0
Budget Hunter,Social Media,North America,2,292.33,5,0
Budget Hunter,Social Media,Europe,30,303.81,4,0
Regular Consumer,Paid Search,Europe,30,910.62,4,0
Budget Hunter,Social Media,North America,39,490.49,3,0
Regular Consumer,Organic/Direct,Latin America,45,1625.05,4,0
Regular Consumer,Social Media,Europe,32,1676.55,4,0
High-Tier VIP,Paid Search,Europe,1,4701.6,4,0
Regular Consumer,Paid Search,North America,38,1284.14,3,0
Regular Consumer,Paid Search,Europe,13,1004.22,4,0
Regular Consumer,Paid Search,North America,11,945.88,3,0
Budget Hunter,Social Media,North America,10,351.9,5,1
Budget Hunter,Social Media,Europe,26,407.08,3,0
Regular Consumer,Organic/Direct,Europe,20,1558.73,5,0
Regular Consumer,Social Media,Europe,17,1036.2,3,0
Regular Consumer,Organic/Direct,North America,17,824.18,3,0
High-Tier VIP,Paid Search,Europe,4,5325.73,4,0
High-Tier VIP,Social Media,North America,5,2454.59,4,0
High-Tier VIP,Organic/Direct,Latin America,23,4455.89,4,0
Regular Consumer,Paid Search,Europe,46,1226.79,3,0
Budget Hunter,Paid Search,Europe,10,316.86,1,1
Regular Consumer,Email Referral,North America,46,736.43,4,0
Budget Hunter,Paid Search,North America,28,318.01,2,1
Regular Consumer,Organic/Direct,Latin America,33,1692.76,3,0
Regular Consumer,Paid Search,North America,43,1377.52,4,0
Regular Consumer,Organic/Direct,Europe,26,1548.51,2,0
Budget Hunter,Paid Search,Europe,29,243.49,2,0
Budget Hunter,Paid Search,North America,27,372.37,2,0
Regular Consumer,Social Media,Asia-Pacific,18,1226.5,5,0
Budget Hunter,Paid Search,Europe,40,359.42,3,0
High-Tier VIP,Social Media,North America,10,5125.33,5,0
Budget Hunter,Paid Search,North America,42,362.89,3,0
Budget Hunter,Paid Search,North America,5,245.92,4,1
Budget Hunter,Paid Search,Asia-Pacific,10,403.66,3,0
Regular Consumer,Paid Search,Europe,21,1452.27,4,0
Regular Consumer,Email Referral,North America,24,1595.84,5,1
Budget Hunter,Paid Search,North America,38,469.32,5,0
Budget Hunter,Social Media,Europe,3,391.69,4,1
Regular Consumer,Paid Search,Europe,40,857.15,5,0
Budget Hunter,Paid Search,Europe,31,216.18,3,0
Regular Consumer,Email Referral,North America,41,1131.87,4,0
Regular Consumer,Paid Search,North America,37,1475.84,4,0
Budget Hunter,Email Referral,Europe,2,424.82,5,0
Budget Hunter,Paid Search,Latin America,2,373.97,3,1
Corporate/Bulk,Organic/Direct,North America,39,10899.46,5,0
Regular Consumer,Social Media,Europe,42,1771.12,4,0
Regular Consumer,Email Referral,Europe,44,1372.21,4,0
Budget Hunter,Social Media,Europe,34,342.36,3,0
Regular Consumer,Social Media,North America,42,1006.37,4,0
Budget Hunter,Paid Search,Asia-Pacific,20,261.75,4,0
Regular Consumer,Paid Search,Europe,33,867.88,4,0
Corporate/Bulk,Email Referral,Europe,4,8226.64,5,0
Regular Consumer,Paid Search,North America,45,1284.29,4,0
Budget Hunter,Social Media,North America,44,348.42,4,1
Budget Hunter,Organic/Direct,North America,11,321.48,5,0
Regular Consumer,Paid Search,Asia-Pacific,42,1420.94,4,0
Budget Hunter,Email Referral,North America,47,508.3,4,0
Budget Hunter,Organic/Direct,Europe,5,277.96,3,1
Regular Consumer,Social Media,North America,25,997.71,3,0
Regular Consumer,Email Referral,Europe,37,534.88,4,0
Budget Hunter,Paid Search,Europe,34,347.7,5,0
High-Tier VIP,Paid Search,North America,9,4356.43,3,0
Budget Hunter,Social Media,North America,6,428.12,3,0
Corporate/Bulk,Paid Search,North America,18,10761.27,4,0
Budget Hunter,Organic/Direct,Europe,14,298.54,2,0
High-Tier VIP,Email Referral,Europe,19,4716.77,4,0
Regular Consumer,Social Media,North America,14,1367.12,4,0
High-Tier VIP,Paid Search,Europe,40,2680.05,3,0
Corporate/Bulk,Email Referral,North America,17,13768.95,5,0
Budget Hunter,Social Media,North America,35,464.3,4,0
Corporate/Bulk,Social Media,North America,29,12505.5,4,0
Regular Consumer,Social Media,Asia-Pacific,42,919.63,3,0
Regular Consumer,Email Referral,North America,17,1102.19,4,0
Budget Hunter,Social Media,North America,43,453.5,5,0
Regular Consumer,Organic/Direct,North America,8,906.53,3,1
Budget Hunter,Organic/Direct,North America,1,405.01,3,0
Regular Consumer,Paid Search,Europe,45,1184.77,3,0
Regular Consumer,Social Media,North America,36,1248.06,2,0
Regular Consumer,Organic/Direct,North America,7,949.27,3,1
High-Tier VIP,Social Media,Europe,46,4872.0,3,1
Regular Consumer,Organic/Direct,North America,5,1277.72,5,1
Budget Hunter,Email Referral,Asia-Pacific,24,217.93,4,1
Budget Hunter,Social Media,Europe,28,349.61,3,1
Budget Hunter,Organic/Direct,North America,43,403.72,4,0
Budget Hunter,Organic/Direct,Europe,17,316.29,1,1
Budget Hunter,Organic/Direct,North America,37,135.82,4,0
Budget Hunter,Social Media,Europe,20,339.95,3,0
Corporate/Bulk,Paid Search,Europe,3,15032.79,2,1
Regular Consumer,Social Media,North America,37,1096.66,5,0
Budget Hunter,Organic/Direct,Europe,26,475.01,3,0
Regular Consumer,Social Media,Asia-Pacific,15,956.29,5,0
Budget Hunter,Organic/Direct,Latin America,8,248.42,4,1
Regular Consumer,Social Media,Europe,13,1198.47,1,1
Regular Consumer,Social Media,Europe,3,953.23,4,0
Regular Consumer,Paid Search,North America,1,1298.96,4,1
Regular Consumer,Organic/Direct,North America,9,1088.23,3,1
Corporate/Bulk,Social Media,Europe,31,15053.27,3,1
High-Tier VIP,Paid Search,North America,41,4003.12,2,0
Regular Consumer,Paid Search,Latin America,26,1226.92,5,0
Regular Consumer,Organic/Direct,North America,17,1378.9,4,0
Regular Consumer,Social Media,North America,34,1486.89,2,1
Budget Hunter,Paid Search,North America,9,479.47,5,0
Regular Consumer,Email Referral,Asia-Pacific,13,1129.54,3,1
Budget Hunter,Organic/Direct,Europe,5,315.06,3,0
Regular Consumer,Email Referral,Europe,41,625.82,3,0
Regular Consumer,Social Media,North America,13,1812.51,4,0
Budget Hunter,Social Media,Asia-Pacific,1,381.58,2,1
Corporate/Bulk,Email Referral,North America,25,13067.47,4,0
High-Tier VIP,Social Media,Asia-Pacific,47,5125.19,5,0
Regular Consumer,Organic/Direct,Europe,4,1214.86,3,0
Regular Consumer,Paid Search,North America,36,1305.11,3,0
High-Tier VIP,Social Media,Europe,10,3870.38,3,0
Budget Hunter,Paid Search,Europe,28,323.57,4,1
Regular Consumer,Paid Search,North America,6,914.94,5,0
Budget Hunter,Paid Search,Asia-Pacific,27,486.26,3,0
Regular Consumer,Paid Search,Europe,12,1368.44,2,0
Budget Hunter,Email Referral,North America,3,522.92,3,0
High-Tier VIP,Paid Search,North America,46,7083.43,3,0
High-Tier VIP,Organic/Direct,Europe,33,2920.32,4,0
Budget Hunter,Organic/Direct,Europe,10,436.21,1,1
Regular Consumer,Social Media,Europe,31,792.61,3,1
Corporate/Bulk,Paid Search,Europe,15,11487.9,4,0
Regular Consumer,Organic/Direct,Europe,7,1294.42,3,0
High-Tier VIP,Social Media,Latin America,36,3051.94,4,0
Regular Consumer,Organic/Direct,Europe,14,978.74,2,0
Budget Hunter,Organic/Direct,Asia-Pacific,14,381.53,5,0
Budget Hunter,Email Referral,North America,3,365.43,3,1
Budget Hunter,Social Media,North America,46,260.89,5,0
Regular Consumer,Paid Search,North America,3,990.59,3,0
Regular Consumer,Social Media,Europe,22,752.57,4,0
Regular Consumer,Paid Search,Asia-Pacific,19,839.12,3,0
Regular Consumer,Email Referral,North America,35,1088.57,4,0
Regular Consumer,Paid Search,North America,12,1496.24,3,0
High-Tier VIP,Paid Search,Asia-Pacific,5,5753.51,4,0
Corporate/Bulk,Organic/Direct,North America,10,16041.95,4,0
Regular Consumer,Social Media,Europe,41,1327.28,4,0
