TenureMonths,PurchaseFrequency,AvgOrderValue,AnnualIncome,CSAT_Rating,SupportTickets,AnnualSpend,IncomeSpendRatio,EngagementScore,TenureSpendVelocity,Churn
52,6,114.71,54423.66,5,3,8259.12,0.1518,1.5,158.83,1
15,3,72.79,64404.35,4,1,2620.44,0.0407,1.5,174.7,0
61,9,191.64,48666.12,4,0,20697.12,0.4253,9.0,339.3,0
21,4,177.36,53234.46,2,3,8513.28,0.1599,1.0,405.39,1
24,7,193.51,71799.77,2,4,16254.84,0.2264,1.4,677.28,1
3,4,96.59,32208.47,3,1,4636.32,0.1439,2.0,1545.44,1
22,5,84.37,50793.42,5,2,5062.2,0.0997,1.667,230.1,0
53,5,135.96,64985.02,3,2,8157.6,0.1255,1.667,153.92,0
2,4,78.87,35799.96,5,2,3785.76,0.1057,1.333,1892.88,1
30,5,97.07,-8737.3,2,0,5824.2,0.5824,5.0,194.14,0
38,6,37.58,81038.38,4,2,2705.76,0.0334,2.0,71.2,1
2,7,110.12,54631.48,4,0,9250.08,0.1693,7.0,4625.04,1
64,5,126.76,32363.8,5,2,7605.6,0.235,1.667,118.84,1
60,5,172.43,71567.55,1,4,10345.8,0.1446,1.0,172.43,0
21,5,138.29,51250.45,2,1,8297.4,0.1619,2.5,395.11,0
33,6,148.81,36373.33,2,1,10714.32,0.2946,3.0,324.68,1
58,5,206.83,61655.12,5,1,12409.8,0.2013,2.5,213.96,1
22,8,66.63,55927.96,2,2,6396.48,0.1144,2.667,290.75,0
49,4,61.15,43962.6,1,3,2935.2,0.0668,1.0,59.9,0
59,7,106.72,41146.97,4,1,8964.48,0.2179,3.5,151.94,0
42,9,57.64,36529.49,4,3,6225.12,0.1704,2.25,148.22,0
60,10,113.39,68239.94,5,4,13606.8,0.1994,2.0,226.78,1
15,5,58.68,32529.58,5,1,3520.8,0.1082,2.5,234.72,1
62,10,64.5,40644.88,4,2,7740.0,0.1904,3.333,124.84,0
62,3,43.06,56820.78,5,3,1550.16,0.0273,0.75,25.0,0
47,6,109.38,81259.9,4,3,7875.36,0.0969,1.5,167.56,0
62,10,51.17,57392.2,3,0,6140.4,0.107,10.0,99.04,0
51,5,123.24,65587.12,5,2,7394.4,0.1127,1.667,144.99,0
55,6,132.32,56839.76,4,3,9527.04,0.1676,1.5,173.22,0
64,8,70.2,71315.86,3,4,6739.2,0.0945,1.6,105.3,1
3,7,140.49,89876.13,4,2,11801.16,0.1313,2.333,3933.72,1
51,2,133.48,47120.94,3,1,3203.52,0.068,1.0,62.81,0
7,11,155.94,55252.73,2,3,20584.08,0.3725,2.75,2940.58,1
21,7,67.41,58123.5,4,2,5662.44,0.0974,2.333,269.64,0
39,5,66.11,64536.58,4,1,3966.6,0.0615,2.5,101.71,0
18,6,129.21,57383.47,4,4,9303.12,0.1621,1.2,516.84,1
4,6,106.06,45212.66,2,5,7636.32,0.1689,1.0,1909.08,1
60,2,110.56,54872.27,5,2,2653.44,0.0484,0.667,44.22,0
14,5,175.04,98770.1,1,1,10502.4,0.1063,2.5,750.17,0
9,7,47.33,60649.91,3,3,3975.72,0.0656,1.75,441.75,1
53,6,144.79,20606.13,3,3,10424.88,0.5059,1.5,196.7,0
2,7,133.56,47891.91,1,2,11219.04,0.2343,2.333,5609.52,1
60,9,126.88,55241.11,3,3,13703.04,0.2481,2.25,228.38,0
71,6,150.39,52469.66,4,0,10828.08,0.2064,6.0,152.51,0
44,8,90.24,53768.11,5,4,8663.04,0.1611,1.6,196.89,1
8,3,56.72,60152.81,5,1,2041.92,0.0339,1.5,255.24,0
47,6,74.19,64155.01,4,0,5341.68,0.0833,6.0,113.65,0
35,2,69.86,59659.06,3,2,1676.64,0.0281,0.667,47.9,0
36,1,23.69,72111.24,4,2,284.28,0.0039,0.333,7.9,0
50,2,126.97,28083.71,5,0,3047.28,0.1085,2.0,60.95,0
4,6,84.84,50452.17,3,3,6108.48,0.1211,1.5,1527.12,0
2,8,90.99,62816.81,4,4,8735.04,0.1391,1.6,4367.52,0
6,7,76.3,59610.93,4,2,6409.2,0.1075,2.333,1068.2,1
54,3,97.28,43258.61,3,0,3502.08,0.081,3.0,64.85,0
4,3,186.56,45425.89,4,2,6716.16,0.1478,1.0,1679.04,0
54,6,42.7,39849.0,4,3,3074.4,0.0772,1.5,56.93,0
63,3,201.9,72580.0,4,2,7268.4,0.1001,1.0,115.37,1
18,6,108.85,21662.14,3,2,7837.2,0.3618,2.0,435.4,1
44,7,78.63,31932.4,4,3,6604.92,0.2068,1.75,150.11,1
34,2,83.04,62535.56,5,2,1992.96,0.0319,0.667,58.62,0
62,4,63.97,64777.15,5,1,3070.56,0.0474,2.0,49.53,0
14,8,35.51,26480.42,2,1,3408.96,0.1287,4.0,243.5,1
48,9,58.87,66275.92,2,3,6357.96,0.0959,2.25,132.46,0
15,7,97.45,58249.08,4,1,8185.8,0.1405,3.5,545.72,0
62,4,87.53,64281.93,3,4,4201.44,0.0654,0.8,67.77,0
40,5,119.85,56304.16,1,1,7191.0,0.1277,2.5,179.78,0
53,7,76.63,62658.49,3,3,6436.92,0.1027,1.75,121.45,0
24,5,71.86,63280.51,4,2,4311.6,0.0681,1.667,179.65,0
26,2,232.75,63494.39,4,3,5586.0,0.088,0.5,214.85,0
60,3,64.75,59393.18,4,1,2331.0,0.0392,1.5,38.85,0
41,10,66.67,53459.89,3,1,8000.4,0.1497,5.0,195.13,0
29,7,149.28,53566.44,4,4,12539.52,0.2341,1.4,432.4,0
15,4,133.34,59142.99,2,1,6400.32,0.1082,2.0,426.69,0
45,6,81.19,69857.45,4,1,5845.68,0.0837,3.0,129.9,0
65,9,138.22,90365.34,1,3,14927.76,0.1652,2.25,229.66,1
71,4,102.73,64512.43,3,0,4931.04,0.0764,4.0,69.45,0
9,9,77.02,61793.34,3,2,8318.16,0.1346,3.0,924.24,0
1,9,129.37,76877.74,4,1,13971.96,0.1817,4.5,13971.96,0
8,10,98.21,62136.27,4,3,11785.2,0.1897,2.5,1473.15,0
63,8,36.63,35914.42,3,1,3516.48,0.0979,4.0,55.82,0
11,5,129.44,41800.05,1,1,7766.4,0.1858,2.5,706.04,0
8,6,91.82,87920.55,3,3,6611.04,0.0752,1.5,826.38,1
35,4,179.97,42158.2,4,1,8638.56,0.2049,2.0,246.82,0
35,4,141.03,65262.65,1,3,6769.44,0.1037,1.0,193.41,0
33,10,106.33,37203.29,2,3,12759.6,0.343,2.5,386.65,0
5,4,82.26,78117.29,4,4,3948.48,0.0505,0.8,789.7,0
41,4,97.01,46716.94,4,3,4656.48,0.0997,1.0,113.57,0
28,7,63.22,56490.03,3,3,5310.48,0.094,1.75,189.66,1
7,3,106.32,50891.66,4,0,3827.52,0.0752,3.0,546.79,0
12,8,186.03,64087.6,5,3,17858.88,0.2787,2.0,1488.24,1
34,8,212.99,58087.81,5,2,20447.04,0.352,2.667,601.38,0
33,7,161.93,71379.35,3,4,13602.12,0.1906,1.4,412.19,0
48,5,103.61,66794.8,4,1,6216.6,0.0931,2.5,129.51,0
23,4,47.18,60072.97,4,1,2264.64,0.0377,2.0,98.46,0
62,0,94.35,66724.96,5,0,0.0,0.0,0.0,0.0,0
37,4,145.12,67606.65,3,2,6965.76,0.103,1.333,188.26,0
44,2,137.97,47845.73,4,0,3311.28,0.0692,2.0,75.26,0
35,4,90.31,46473.24,4,2,4334.88,0.0933,1.333,123.85,0
65,8,87.05,82937.71,4,2,8356.8,0.1008,2.667,128.57,0
47,5,115.68,67713.1,4,1,6940.8,0.1025,2.5,147.68,0
3,8,99.7,62279.19,3,0,9571.2,0.1537,8.0,3190.4,0
1,6,94.12,40569.78,2,4,6776.64,0.167,1.2,6776.64,0
5,4,92.06,22811.55,3,3,4418.88,0.1937,1.0,883.78,1
14,9,171.91,49731.96,5,2,18566.28,0.3733,3.0,1326.16,0
27,6,59.24,46852.14,4,0,4265.28,0.091,6.0,157.97,0
9,6,84.74,49414.14,4,1,6101.28,0.1235,3.0,677.92,0
15,4,86.95,70351.42,4,0,4173.6,0.0593,4.0,278.24,0
42,2,104.87,82493.37,2,3,2516.88,0.0305,0.5,59.93,0
51,6,98.28,74970.39,3,2,7076.16,0.0944,2.0,138.75,1
63,9,95.36,44097.1,4,0,10298.88,0.2336,9.0,163.47,0
52,3,61.02,64687.13,5,1,2196.72,0.034,1.5,42.24,0
4,2,98.22,46228.23,2,3,2357.28,0.051,0.5,589.32,1
23,4,127.94,21859.99,3,1,6141.12,0.2809,2.0,267.01,0
15,7,106.47,53623.73,2,2,8943.48,0.1668,2.333,596.23,1
43,4,58.72,77693.06,3,1,2818.56,0.0363,2.0,65.55,0
29,4,101.91,48975.49,3,2,4891.68,0.0999,1.333,168.68,0
36,8,99.04,69998.04,4,3,9507.84,0.1358,2.0,264.11,0
13,5,83.24,43019.1,3,1,4994.4,0.1161,2.5,384.18,0
32,8,106.99,67392.97,2,2,10271.04,0.1524,2.667,320.97,1
71,4,72.9,50615.21,4,1,3499.2,0.0691,2.0,49.28,0
59,6,130.4,82420.63,5,2,9388.8,0.1139,2.0,159.13,0
28,6,207.13,49360.19,3,2,14913.36,0.3021,2.0,532.62,1
66,3,135.34,45237.05,4,3,4872.24,0.1077,0.75,73.82,0
42,7,67.51,81486.78,3,1,5670.84,0.0696,3.5,135.02,0
45,8,127.28,44616.91,5,0,12218.88,0.2739,8.0,271.53,0
62,11,141.21,58830.99,4,2,18639.72,0.3168,3.667,300.64,0
57,8,114.86,44746.61,4,4,11026.56,0.2464,1.6,193.45,1
6,3,120.09,71633.74,1,2,4323.24,0.0604,1.0,720.54,0
28,6,94.2,78343.83,4,2,6782.4,0.0866,2.0,242.23,0
28,3,54.38,42858.49,4,2,1957.68,0.0457,1.0,69.92,0
44,6,91.33,64834.1,3,2,6575.76,0.1014,2.0,149.45,0
30,9,62.87,66504.83,3,1,6789.96,0.1021,4.5,226.33,0
62,5,87.78,57271.61,4,0,5266.8,0.092,5.0,84.95,0
62,2,75.92,82460.64,4,0,1822.08,0.0221,2.0,29.39,0
1,8,60.91,82324.47,1,2,5847.36,0.071,2.667,5847.36,1
27,9,168.91,39652.39,4,2,18242.28,0.4601,3.0,675.64,1
62,5,97.38,76755.85,2,1,5842.8,0.0761,2.5,94.24,0
3,7,77.11,64119.08,2,0,6477.24,0.101,7.0,2159.08,0
70,7,15.59,59392.14,4,1,1309.56,0.022,3.5,18.71,0
27,2,43.8,50820.54,3,2,1051.2,0.0207,0.667,38.93,0
9,5,138.02,28318.75,3,3,8281.2,0.2924,1.25,920.13,0
62,2,108.03,60094.39,3,1,2592.72,0.0431,1.0,41.82,0
37,9,220.31,60541.62,4,4,23793.48,0.393,1.8,643.07,1
51,10,70.21,90905.21,3,1,8425.2,0.0927,5.0,165.2,0
44,6,162.89,42865.86,5,3,11728.08,0.2736,1.5,266.55,0
24,6,91.31,26069.12,3,1,6574.32,0.2522,3.0,273.93,0
59,13,64.43,33774.88,4,2,10051.08,0.2976,4.333,170.36,0
32,10,81.14,83642.02,3,1,9736.8,0.1164,5.0,304.27,0
52,5,102.6,46939.79,4,3,6156.0,0.1311,1.25,118.38,1
62,8,77.15,79548.85,4,1,7406.4,0.0931,4.0,119.46,0
58,7,55.31,55112.62,3,3,4646.04,0.0843,1.75,80.1,0
52,7,63.37,37455.65,3,0,5323.08,0.1421,7.0,102.37,0
12,5,122.36,91023.72,3,0,7341.6,0.0807,5.0,611.8,0
39,4,59.64,78719.98,1,3,2862.72,0.0364,1.0,73.4,1
2,6,72.51,51768.7,2,2,5220.72,0.1008,2.0,2610.36,0
3,4,60.68,72942.36,4,2,2912.64,0.0399,1.333,970.88,0
56,7,109.24,57215.12,4,4,9176.16,0.1604,1.4,163.86,1
59,4,268.47,62876.58,3,1,12886.56,0.205,2.0,218.42,0
2,6,120.13,86721.79,3,3,8649.36,0.0997,1.5,4324.68,1
2,5,68.68,27646.58,1,2,4120.8,0.1491,1.667,2060.4,1
54,5,109.19,48544.5,3,6,6551.4,0.135,0.714,121.32,0
1,3,70.62,55525.8,4,2,2542.32,0.0458,1.0,2542.32,0
19,4,104.71,61020.88,4,1,5026.08,0.0824,2.0,264.53,0
2,10,177.82,32523.64,2,1,21338.4,0.6561,5.0,10669.2,1
53,8,95.06,71504.73,3,1,9125.76,0.1276,4.0,172.18,0
44,2,112.56,34228.61,4,4,2701.44,0.0789,0.4,61.4,1
32,7,96.88,32503.53,2,2,8137.92,0.2504,2.333,254.31,1
70,2,143.32,50485.87,3,4,3439.68,0.0681,0.4,49.14,0
32,6,128.89,89119.04,4,4,9280.08,0.1041,1.2,290.0,0
68,6,82.77,100749.54,4,0,5959.44,0.0592,6.0,87.64,0
55,3,128.93,63793.4,3,1,4641.48,0.0728,1.5,84.39,0
56,3,105.09,50712.44,5,1,3783.24,0.0746,1.5,67.56,0
17,11,79.76,57813.63,2,3,10528.32,0.1821,2.75,619.31,1
38,7,80.36,61028.38,4,2,6750.24,0.1106,2.333,177.64,0
24,8,103.7,81395.18,2,4,9955.2,0.1223,1.6,414.8,0
69,7,111.83,33073.33,4,1,9393.72,0.284,3.5,136.14,0
70,3,90.32,76500.37,5,1,3251.52,0.0425,1.5,46.45,0
11,4,113.02,29318.72,3,4,5424.96,0.185,0.8,493.18,1
16,4,67.81,46343.88,4,5,3254.88,0.0702,0.667,203.43,0
59,6,58.42,54953.72,4,2,4206.24,0.0765,2.0,71.29,0
70,5,46.87,62400.62,2,2,2812.2,0.0451,1.667,40.17,0
3,11,121.49,54935.12,4,2,16036.68,0.2919,3.667,5345.56,0
20,10,44.82,58151.17,5,1,5378.4,0.0925,5.0,268.92,0
59,5,112.52,55727.92,4,4,6751.2,0.1211,1.0,114.43,0
36,1,77.65,27626.54,2,2,931.8,0.0337,0.333,25.88,1
19,5,83.98,65352.43,2,1,5038.8,0.0771,2.5,265.2,1
67,4,84.52,69603.5,3,3,4056.96,0.0583,1.0,60.55,0
19,4,246.77,79167.76,2,1,11844.96,0.1496,2.0,623.42,0
20,7,73.47,88247.21,4,1,6171.48,0.0699,3.5,308.57,1
71,9,62.54,62395.01,1,3,6754.32,0.1083,2.25,95.13,0
52,4,201.98,80407.21,2,1,9695.04,0.1206,2.0,186.44,0
33,6,49.26,55325.8,3,0,3546.72,0.0641,6.0,107.48,0
40,6,54.82,28892.47,3,1,3947.04,0.1366,3.0,98.68,0
39,5,139.17,72299.55,4,4,8350.2,0.1155,1.0,214.11,0
1,8,114.19,68311.42,4,2,10962.24,0.1605,2.667,10962.24,0
11,6,80.22,55011.28,1,0,5775.84,0.105,6.0,525.08,0
57,4,59.13,53878.93,2,3,2838.24,0.0527,1.0,49.79,1
50,7,34.53,63603.99,1,3,2900.52,0.0456,1.75,58.01,1
23,5,182.1,48923.8,3,4,10926.0,0.2233,1.0,475.04,1
31,2,129.08,62960.63,1,2,3097.92,0.0492,0.667,99.93,0
42,2,173.33,38400.49,4,2,4159.92,0.1083,0.667,99.05,1
7,10,150.43,40423.13,2,3,18051.6,0.4466,2.5,2578.8,1
16,10,116.74,31229.39,5,1,14008.8,0.4486,5.0,875.55,0
60,7,72.55,95393.05,4,3,6094.2,0.0639,1.75,101.57,0
2,6,59.24,56315.48,3,1,4265.28,0.0757,3.0,2132.64,0
1,6,156.87,76748.62,4,2,11294.64,0.1472,2.0,11294.64,1
48,6,77.73,35257.91,4,3,5596.56,0.1587,1.5,116.6,0
12,8,60.81,51729.64,4,3,5837.76,0.1129,2.0,486.48,1
69,4,70.2,64926.97,5,0,3369.6,0.0519,4.0,48.83,0
37,3,161.14,81482.72,3,2,5801.04,0.0712,1.0,156.78,1
32,6,63.68,44155.11,4,2,4584.96,0.1038,2.0,143.28,0
9,7,80.42,47754.51,3,2,6755.28,0.1415,2.333,750.59,1
19,7,91.35,40744.85,5,1,7673.4,0.1883,3.5,403.86,0
48,2,106.26,52828.96,3,1,2550.24,0.0483,1.0,53.13,0
3,6,61.39,36642.73,3,0,4420.08,0.1206,6.0,1473.36,1
20,8,90.01,29138.64,4,1,8640.96,0.2965,4.0,432.05,0
24,11,140.33,59656.22,2,4,18523.56,0.3105,2.2,771.82,1
54,8,220.47,67070.74,2,3,21165.12,0.3156,2.0,391.95,0
33,9,56.31,34497.23,3,3,6081.48,0.1763,2.25,184.29,1
24,5,60.54,42859.14,4,4,3632.4,0.0848,1.0,151.35,0
36,4,64.71,53200.95,5,1,3106.08,0.0584,2.0,86.28,0
38,10,125.37,85721.54,4,4,15044.4,0.1755,2.0,395.91,0
25,5,58.2,4013.71,4,1,3492.0,0.3492,2.5,139.68,0
18,2,88.6,63009.48,4,2,2126.4,0.0337,0.667,118.13,1
66,9,84.54,67226.56,1,2,9130.32,0.1358,3.0,138.34,0
54,8,229.19,42181.53,2,0,22002.24,0.5216,8.0,407.45,0
35,6,73.18,48713.87,4,2,5268.96,0.1082,2.0,150.54,0
61,3,71.21,60993.82,3,2,2563.56,0.042,1.0,42.03,0
41,3,125.32,54466.58,2,2,4511.52,0.0828,1.0,110.04,0
33,8,109.04,85583.09,3,1,10467.84,0.1223,4.0,317.21,0
68,4,69.03,56847.61,4,4,3313.44,0.0583,0.8,48.73,0
33,3,166.09,70502.02,3,3,5979.24,0.0848,0.75,181.19,1
14,4,48.55,63104.64,4,3,2330.4,0.0369,1.0,166.46,1
21,6,92.66,67494.14,4,3,6671.52,0.0988,1.5,317.69,0
48,5,82.1,41007.0,4,4,4926.0,0.1201,1.0,102.62,0
20,7,89.1,58621.4,5,0,7484.4,0.1277,7.0,374.22,0
8,10,68.74,53819.85,3,3,8248.8,0.1533,2.5,1031.1,0
7,8,89.99,42107.95,4,2,8639.04,0.2052,2.667,1234.15,0
67,7,103.65,71650.31,5,4,8706.6,0.1215,1.4,129.95,1
17,5,27.64,18722.77,4,1,1658.4,0.0886,2.5,97.55,0
33,5,76.3,79245.18,4,1,4578.0,0.0578,2.5,138.73,0
48,6,64.97,15062.41,3,1,4677.84,0.3106,3.0,97.46,0
59,6,196.05,52232.92,4,2,14115.6,0.2702,2.0,239.25,0
22,3,115.03,71940.91,1,3,4141.08,0.0576,0.75,188.23,1
30,7,63.27,33609.13,5,2,5314.68,0.1581,2.333,177.16,0
38,4,74.47,62627.31,4,1,3574.56,0.0571,2.0,94.07,0
51,7,83.5,60681.2,5,1,7014.0,0.1156,3.5,137.53,0
54,6,73.73,60879.38,4,0,5308.56,0.0872,6.0,98.31,0
8,7,118.85,48723.37,2,3,9983.4,0.2049,1.75,1247.92,1
27,4,181.06,46624.62,1,5,8690.88,0.1864,0.667,321.88,1
27,3,18.83,26737.74,5,1,677.88,0.0254,1.5,25.11,0
21,4,81.22,53128.3,3,3,3898.56,0.0734,1.0,185.65,1
30,6,219.95,71515.19,3,2,15836.4,0.2214,2.0,527.88,1
28,5,82.68,46790.18,4,0,4960.8,0.106,5.0,177.17,0
64,5,106.3,47687.96,3,3,6378.0,0.1337,1.25,99.66,0
69,12,31.28,83613.91,4,2,4504.32,0.0539,4.0,65.28,0
61,6,165.24,52057.02,4,1,11897.28,0.2285,3.0,195.04,0
48,4,55.84,61338.88,4,1,2680.32,0.0437,2.0,55.84,0
19,6,113.78,64642.94,5,2,8192.16,0.1267,2.0,431.17,0
4,6,60.72,52045.27,2,3,4371.84,0.084,1.5,1092.96,1
35,9,23.44,67262.61,3,2,2531.52,0.0376,3.0,72.33,0
64,9,109.14,72809.22,3,1,11787.12,0.1619,4.5,184.17,0
49,5,130.38,71264.29,5,4,7822.8,0.1098,1.0,159.65,0
17,7,91.41,73276.87,3,1,7678.44,0.1048,3.5,451.67,0
44,10,52.56,17511.11,3,5,6307.2,0.3602,1.667,143.35,1
30,2,239.6,33905.42,4,2,5750.4,0.1696,0.667,191.68,1
46,5,128.17,45739.39,3,0,7690.2,0.1681,5.0,167.18,0
6,5,101.72,40672.81,5,1,6103.2,0.1501,2.5,1017.2,0
37,5,153.39,42038.16,5,2,9203.4,0.2189,1.667,248.74,0
24,7,73.7,71012.15,4,3,6190.8,0.0872,1.75,257.95,0
46,4,204.76,56924.46,4,2,9828.48,0.1727,1.333,213.66,1
53,7,129.22,52536.67,1,0,10854.48,0.2066,7.0,204.8,0
60,4,146.92,50939.88,4,0,7052.16,0.1384,4.0,117.54,0
63,8,80.47,47797.52,4,2,7725.12,0.1616,2.667,122.62,0
32,5,55.14,50645.19,3,1,3308.4,0.0653,2.5,103.39,0
33,7,102.39,79976.61,2,2,8600.76,0.1075,2.333,260.63,0
67,5,75.18,23243.99,5,2,4510.8,0.1941,1.667,67.33,0
18,8,215.6,77940.06,3,2,20697.6,0.2656,2.667,1149.87,0
25,5,47.82,96286.19,4,0,2869.2,0.0298,5.0,114.77,0
54,3,171.62,77803.18,1,0,6178.32,0.0794,3.0,114.41,0
58,8,40.16,37181.2,3,2,3855.36,0.1037,2.667,66.47,0
67,12,60.6,46242.44,4,2,8726.4,0.1887,4.0,130.24,0
46,10,39.71,73599.38,3,2,4765.2,0.0647,3.333,103.59,0
24,3,73.79,50524.2,4,3,2656.44,0.0526,0.75,110.68,1
32,3,85.56,45891.81,2,1,3080.16,0.0671,1.5,96.26,0
47,9,69.44,53182.35,3,4,7499.52,0.141,1.8,159.56,0
23,7,113.72,34806.69,5,1,9552.48,0.2744,3.5,415.33,0
66,4,85.85,52655.35,4,0,4120.8,0.0783,4.0,62.44,0
27,5,31.78,33288.12,5,3,1906.8,0.0573,1.25,70.62,1
2,3,59.04,68004.53,5,1,2125.44,0.0313,1.5,1062.72,0
17,4,80.08,39802.04,5,4,3843.84,0.0966,0.8,226.11,1
33,5,150.46,55927.05,5,2,9027.6,0.1614,1.667,273.56,0
9,4,99.41,47000.06,1,2,4771.68,0.1015,1.333,530.19,1
43,4,75.53,61876.91,5,3,3625.44,0.0586,1.0,84.31,1
48,8,44.99,69802.01,2,1,4319.04,0.0619,4.0,89.98,0
39,7,101.4,60156.97,1,3,8517.6,0.1416,1.75,218.4,1
42,4,166.18,42394.33,1,0,7976.64,0.1882,4.0,189.92,0
26,5,81.71,44863.08,3,2,4902.6,0.1093,1.667,188.56,1
50,6,61.81,97478.2,4,0,4450.32,0.0457,6.0,89.01,0
25,4,121.45,72073.25,3,0,5829.6,0.0809,4.0,233.18,0
24,3,153.14,51438.56,1,1,5513.04,0.1072,1.5,229.71,0
13,7,86.87,44665.11,3,1,7297.08,0.1634,3.5,561.31,0
60,9,127.79,29099.03,3,1,13801.32,0.4743,4.5,230.02,0
7,9,77.35,75308.2,4,2,8353.8,0.1109,3.0,1193.4,0
57,7,130.52,42203.74,3,1,10963.68,0.2598,3.5,192.35,0
36,7,169.94,73967.24,2,2,14274.96,0.193,2.333,396.53,0
45,7,139.16,69894.37,3,1,11689.44,0.1672,3.5,259.77,0
20,9,119.23,79350.44,3,1,12876.84,0.1623,4.5,643.84,1
65,6,195.01,68659.1,4,2,14040.72,0.2045,2.0,216.01,0
8,3,83.59,51222.84,3,1,3009.24,0.0587,1.5,376.16,0
16,7,119.21,55286.34,3,1,10013.64,0.1811,3.5,625.85,0
14,2,84.88,55441.64,3,3,2037.12,0.0367,0.5,145.51,1
15,3,119.24,50162.57,3,1,4292.64,0.0856,1.5,286.18,1
66,5,128.34,25782.08,5,3,7700.4,0.2987,1.25,116.67,1
32,5,143.2,16209.88,3,1,8592.0,0.53,2.5,268.5,1
63,6,96.21,68658.93,4,2,6927.12,0.1009,2.0,109.95,0
51,8,36.4,51743.4,4,0,3494.4,0.0675,8.0,68.52,0
25,5,85.68,72280.71,1,1,5140.8,0.0711,2.5,205.63,0
58,6,126.35,48168.3,5,2,9097.2,0.1889,2.0,156.85,0
63,7,108.8,54979.31,4,1,9139.2,0.1662,3.5,145.07,0
62,0,116.01,71731.52,4,0,0.0,0.0,0.0,0.0,1
22,3,131.94,82996.09,3,2,4749.84,0.0572,1.0,215.9,0
58,7,55.1,49308.77,4,2,4628.4,0.0939,2.333,79.8,0
58,4,134.97,36998.55,3,3,6478.56,0.1751,1.0,111.7,0
49,7,199.38,76834.15,1,1,16747.92,0.218,3.5,341.79,0
52,7,80.08,49832.45,5,1,6726.72,0.135,3.5,129.36,0
42,10,144.53,46265.7,5,2,17343.6,0.3749,3.333,412.94,0
70,3,98.86,47803.72,2,2,3558.96,0.0744,1.0,50.84,0
15,4,114.58,42064.59,4,2,5499.84,0.1307,1.333,366.66,1
54,4,138.33,68927.42,4,2,6639.84,0.0963,1.333,122.96,0
60,6,108.52,30911.87,2,3,7813.44,0.2528,1.5,130.22,0
8,9,77.86,56836.92,3,3,8408.88,0.1479,2.25,1051.11,0
53,7,110.71,59494.76,3,1,9299.64,0.1563,3.5,175.46,0
60,5,61.67,44226.18,4,1,3700.2,0.0837,2.5,61.67,0
5,6,45.42,83568.38,5,3,3270.24,0.0391,1.5,654.05,1
68,5,28.96,71170.02,2,3,1737.6,0.0244,1.25,25.55,0
6,6,174.83,46818.48,4,2,12587.76,0.2689,2.0,2097.96,0
47,6,117.22,53089.36,4,2,8439.84,0.159,2.0,179.57,0
55,9,128.96,71097.23,4,3,13927.68,0.1959,2.25,253.23,0
40,4,105.74,56440.49,2,2,5075.52,0.0899,1.333,126.89,1
52,7,40.25,80228.41,4,2,3381.0,0.0421,2.333,65.02,0
16,5,169.38,65191.77,5,3,10162.8,0.1559,1.25,635.17,1
13,5,77.94,59551.9,3,1,4676.4,0.0785,2.5,359.72,0
30,7,30.53,59396.98,3,3,2564.52,0.0432,1.75,85.48,0
19,6,85.2,111680.14,4,0,6134.4,0.0549,6.0,322.86,0
17,8,160.18,36667.67,2,3,15377.28,0.4194,2.0,904.55,1
63,5,61.21,35300.15,5,1,3672.6,0.104,2.5,58.3,0
19,6,81.8,50654.02,3,4,5889.6,0.1163,1.2,309.98,1
58,6,79.13,80284.39,1,2,5697.36,0.071,2.0,98.23,0
55,10,60.33,10650.04,3,3,7239.6,0.6798,2.5,131.63,1
62,5,99.66,20729.99,2,2,5979.6,0.2885,1.667,96.45,0
23,4,64.31,47804.9,2,1,3086.88,0.0646,2.0,134.21,0
9,3,172.69,93162.87,4,2,6216.84,0.0667,1.0,690.76,1
12,6,43.74,55457.93,2,3,3149.28,0.0568,1.5,262.44,1
1,3,51.66,34076.46,5,3,1859.76,0.0546,0.75,1859.76,0
58,4,81.75,69796.87,4,1,3924.0,0.0562,2.0,67.66,1
1,4,94.51,84914.74,3,1,4536.48,0.0534,2.0,4536.48,0
34,5,68.98,43503.58,3,1,4138.8,0.0951,2.5,121.73,0
48,7,132.88,63179.3,4,6,11161.92,0.1767,1.0,232.54,1
1,3,87.07,57821.63,3,3,3134.52,0.0542,0.75,3134.52,1
16,5,120.27,65300.78,2,2,7216.2,0.1105,1.667,451.01,0
61,5,167.05,46738.77,5,1,10023.0,0.2144,2.5,164.31,0
64,4,192.12,66315.36,3,0,9221.76,0.1391,4.0,144.09,0
63,7,82.65,70092.42,1,2,6942.6,0.099,2.333,110.2,1
69,9,99.29,67857.39,4,0,10723.32,0.158,9.0,155.41,0
22,8,19.78,25797.87,4,2,1898.88,0.0736,2.667,86.31,0
67,7,108.26,29190.45,3,0,9093.84,0.3115,7.0,135.73,0
26,8,83.91,42593.81,4,2,8055.36,0.1891,2.667,309.82,1
16,7,58.48,59814.77,4,1,4912.32,0.0821,3.5,307.02,0
51,5,148.54,65065.59,4,2,8912.4,0.137,1.667,174.75,0
57,10,58.5,36026.44,3,3,7020.0,0.1949,2.5,123.16,0
29,5,155.14,60836.27,5,3,9308.4,0.153,1.25,320.98,1
69,4,116.27,72023.12,3,1,5580.96,0.0775,2.0,80.88,0
47,5,106.42,67024.02,4,3,6385.2,0.0953,1.25,135.86,0
62,4,66.8,46723.03,3,2,3206.4,0.0686,1.333,51.72,1
69,10,34.59,48368.43,4,3,4150.8,0.0858,2.5,60.16,0
16,5,146.86,31643.77,1,1,8811.6,0.2785,2.5,550.72,0
48,3,66.38,86325.83,1,1,2389.68,0.0277,1.5,49.78,0
39,5,119.51,63532.53,4,3,7170.6,0.1129,1.25,183.86,0
33,5,122.4,25979.79,3,2,7344.0,0.2827,1.667,222.55,0
23,10,95.21,77079.63,3,5,11425.2,0.1482,1.667,496.75,1
10,4,107.0,66853.87,4,4,5136.0,0.0768,0.8,513.6,0
69,8,115.51,76497.3,4,1,11088.96,0.145,4.0,160.71,0
34,10,103.05,44945.1,2,1,12366.0,0.2751,5.0,363.71,0
52,8,63.21,47457.54,2,1,6068.16,0.1279,4.0,116.7,1
10,9,43.96,40372.35,5,0,4747.68,0.1176,9.0,474.77,0
19,5,69.27,93109.27,4,2,4156.2,0.0446,1.667,218.75,1
58,8,79.44,45982.17,3,1,7626.24,0.1659,4.0,131.49,0
1,8,171.06,37806.19,4,0,16421.76,0.4344,8.0,16421.76,0
69,11,52.76,43354.85,4,2,6964.32,0.1606,3.667,100.93,0
4,6,182.15,49147.13,3,2,13114.8,0.2668,2.0,3278.7,0
16,7,208.66,83007.17,2,4,17527.44,0.2112,1.4,1095.46,1
24,10,70.44,59983.1,3,1,8452.8,0.1409,5.0,352.2,0
2,6,205.28,77203.91,5,2,14780.16,0.1914,2.0,7390.08,0
32,8,88.85,60135.47,1,0,8529.6,0.1418,8.0,266.55,0
24,1,82.23,51755.76,2,2,986.76,0.0191,0.333,41.12,0
12,8,171.13,36234.77,5,2,16428.48,0.4534,2.667,1369.04,0
50,4,104.81,83692.51,2,2,5030.88,0.0601,1.333,100.62,0
35,8,97.85,72837.31,4,3,9393.6,0.129,2.0,268.39,1
33,9,68.8,74475.07,2,2,7430.4,0.0998,3.0,225.16,0
33,3,71.72,71652.96,4,1,2581.92,0.036,1.5,78.24,0
61,0,99.43,42217.94,3,0,0.0,0.0,0.0,0.0,0
51,5,171.09,59770.13,2,2,10265.4,0.1717,1.667,201.28,0
43,6,52.91,74563.54,4,2,3809.52,0.0511,2.0,88.59,0
12,3,91.01,71998.06,4,1,3276.36,0.0455,1.5,273.03,1
67,3,47.77,57818.65,4,0,1719.72,0.0297,3.0,25.67,0
65,4,67.08,90549.76,4,4,3219.84,0.0356,0.8,49.54,0
33,5,127.36,64593.59,4,1,7641.6,0.1183,2.5,231.56,0
40,9,61.09,78795.86,4,1,6597.72,0.0837,4.5,164.94,0
43,2,151.66,58602.61,4,2,3639.84,0.0621,0.667,84.65,0
44,5,60.94,48310.1,4,2,3656.4,0.0757,1.667,83.1,0
29,3,72.79,72445.29,4,0,2620.44,0.0362,3.0,90.36,0
13,7,36.49,68203.33,4,1,3065.16,0.0449,3.5,235.78,0
12,3,151.76,61236.36,2,0,5463.36,0.0892,3.0,455.28,0
46,5,141.86,39769.61,2,2,8511.6,0.214,1.667,185.03,0
2,4,48.42,73197.3,3,3,2324.16,0.0318,1.0,1162.08,1
35,6,82.48,40717.69,5,3,5938.56,0.1458,1.5,169.67,0
8,8,79.22,68992.42,4,2,7605.12,0.1102,2.667,950.64,0
26,5,76.04,35254.26,4,2,4562.4,0.1294,1.667,175.48,0
34,7,209.37,39753.16,3,2,17587.08,0.4424,2.333,517.27,0
7,4,75.57,60257.63,2,4,3627.36,0.0602,0.8,518.19,1
68,5,62.59,65421.38,5,1,3755.4,0.0574,2.5,55.23,0
58,6,38.6,58900.38,5,2,2779.2,0.0472,2.0,47.92,0
29,8,64.11,45511.12,2,1,6154.56,0.1352,4.0,212.23,0
36,5,170.84,75037.79,4,0,10250.4,0.1366,5.0,284.73,0
21,5,104.28,57498.85,3,2,6256.8,0.1088,1.667,297.94,0
36,7,104.39,58480.75,3,4,8768.76,0.1499,1.4,243.58,0
10,5,65.96,52164.75,4,0,3957.6,0.0759,5.0,395.76,0
24,4,158.79,41991.17,4,3,7621.92,0.1815,1.0,317.58,1
64,4,120.42,75280.18,4,2,5780.16,0.0768,1.333,90.32,0
49,3,76.56,43431.12,1,3,2756.16,0.0635,0.75,56.25,1
36,6,58.18,85553.42,3,3,4188.96,0.049,1.5,116.36,0
24,8,91.12,40150.32,3,3,8747.52,0.2179,2.0,364.48,1
23,7,60.48,60812.78,3,3,5080.32,0.0835,1.75,220.88,1
62,8,86.26,56251.86,4,2,8280.96,0.1472,2.667,133.56,0
37,10,99.97,52972.84,3,0,11996.4,0.2265,10.0,324.23,0
12,7,67.35,67274.61,3,4,5657.4,0.0841,1.4,471.45,1
55,8,26.97,69216.14,3,0,2589.12,0.0374,8.0,47.07,0
13,10,113.98,64647.36,4,3,13677.6,0.2116,2.5,1052.12,1
23,4,68.31,35850.07,4,2,3278.88,0.0915,1.333,142.56,1
30,0,99.58,33916.52,4,2,0.0,0.0,0.0,0.0,1
17,6,88.0,32833.57,2,2,6336.0,0.193,2.0,372.71,1
62,8,192.95,50606.46,3,1,18523.2,0.366,4.0,298.76,0
13,8,94.71,93076.18,1,3,9092.16,0.0977,2.0,699.4,0
59,6,141.23,54114.87,2,3,10168.56,0.1879,1.5,172.35,1
19,5,78.43,92816.49,3,3,4705.8,0.0507,1.25,247.67,1
49,10,60.98,54398.72,1,2,7317.6,0.1345,3.333,149.34,0
12,6,116.24,57879.79,4,0,8369.28,0.1446,6.0,697.44,0
61,11,66.04,65723.9,5,0,8717.28,0.1326,11.0,142.91,0
19,6,129.99,49761.65,2,4,9359.28,0.1881,1.2,492.59,1
9,9,51.11,59091.2,4,4,5519.88,0.0934,1.8,613.32,1
71,5,109.38,24348.69,2,4,6562.8,0.2695,1.0,92.43,1
28,7,93.55,38996.01,4,4,7858.2,0.2015,1.4,280.65,1
52,3,176.08,24727.34,4,3,6338.88,0.2564,0.75,121.9,0
16,5,114.41,68054.32,5,2,6864.6,0.1009,1.667,429.04,0
69,3,88.64,30459.82,2,3,3191.04,0.1048,0.75,46.25,1
12,3,134.49,80410.1,3,2,4841.64,0.0602,1.0,403.47,1
25,4,26.74,61408.41,2,1,1283.52,0.0209,2.0,51.34,0
52,5,120.88,72269.38,3,2,7252.8,0.1004,1.667,139.48,0
53,9,125.7,43360.2,5,3,13575.6,0.3131,2.25,256.14,0
23,5,132.16,34777.51,4,2,7929.6,0.228,1.667,344.77,1
16,9,127.92,48740.98,4,2,13815.36,0.2834,3.0,863.46,0
57,4,118.61,74155.31,4,1,5693.28,0.0768,2.0,99.88,0
39,11,80.1,93070.93,5,3,10573.2,0.1136,2.75,271.11,0
53,6,100.97,64150.57,3,1,7269.84,0.1133,3.0,137.17,0
42,4,70.15,31317.99,2,0,3367.2,0.1075,4.0,80.17,0
58,5,63.17,37505.83,5,2,3790.2,0.1011,1.667,65.35,0
39,4,81.66,28210.14,3,4,3919.68,0.1389,0.8,100.5,0
14,4,86.43,52674.94,1,0,4148.64,0.0788,4.0,296.33,0
5,11,111.81,50009.74,2,1,14758.92,0.2951,5.5,2951.78,0
35,7,163.72,52541.01,4,1,13752.48,0.2617,3.5,392.93,0
18,9,140.04,35678.42,4,2,15124.32,0.4239,3.0,840.24,0
9,7,107.81,33875.13,3,3,9056.04,0.2673,1.75,1006.23,1
58,4,154.59,56694.08,4,2,7420.32,0.1309,1.333,127.94,0
17,4,95.13,63719.4,4,2,4566.24,0.0717,1.333,268.6,0
7,8,119.42,33672.88,5,0,11464.32,0.3405,8.0,1637.76,0
46,3,80.24,63526.87,4,0,2888.64,0.0455,3.0,62.8,0
13,11,94.03,72041.85,4,1,12411.96,0.1723,5.5,954.77,1
40,5,83.71,13046.09,4,3,5022.6,0.385,1.25,125.57,0
42,6,42.15,83362.27,3,1,3034.8,0.0364,3.0,72.26,0
9,7,42.63,67639.68,3,2,3580.92,0.0529,2.333,397.88,0
50,5,48.68,72210.32,3,1,2920.8,0.0404,2.5,58.42,0
27,9,108.16,36624.13,1,1,11681.28,0.319,4.5,432.64,0
66,4,165.35,69168.68,3,2,7936.8,0.1147,1.333,120.25,1
5,2,154.34,71237.37,3,2,3704.16,0.052,0.667,740.83,1
29,5,41.24,43272.16,2,2,2474.4,0.0572,1.667,85.32,1
37,12,119.99,69037.74,2,0,17278.56,0.2503,12.0,466.99,0
38,6,73.96,52513.13,3,2,5325.12,0.1014,2.0,140.13,1
8,4,62.27,43884.86,4,0,2988.96,0.0681,4.0,373.62,0
65,5,99.54,51463.95,5,3,5972.4,0.1161,1.25,91.88,0
17,6,73.07,58028.91,4,1,5261.04,0.0907,3.0,309.47,0
71,6,46.56,49553.15,3,1,3352.32,0.0677,3.0,47.22,0
45,8,57.85,40747.85,3,3,5553.6,0.1363,2.0,123.41,1
4,8,79.96,62073.17,2,3,7676.16,0.1237,2.0,1919.04,1
36,7,162.84,65076.01,2,1,13678.56,0.2102,3.5,379.96,0
70,8,39.53,57628.38,4,1,3794.88,0.0659,4.0,54.21,0
31,1,51.98,25884.02,3,1,623.76,0.0241,0.5,20.12,1
19,10,83.05,44477.35,4,1,9966.0,0.2241,5.0,524.53,0
61,5,65.47,39806.38,4,2,3928.2,0.0987,1.667,64.4,0
54,10,113.7,86159.77,2,3,13644.0,0.1584,2.5,252.67,0
39,2,84.12,57122.09,4,3,2018.88,0.0353,0.5,51.77,1
19,5,46.14,49955.89,3,1,2768.4,0.0554,2.5,145.71,0
39,9,73.8,44943.07,3,4,7970.4,0.1773,1.8,204.37,0
67,3,101.45,52752.59,4,3,3652.2,0.0692,0.75,54.51,0
45,5,125.92,68527.6,5,2,7555.2,0.1103,1.667,167.89,0
13,3,51.71,22061.73,4,2,1861.56,0.0844,1.0,143.2,0
58,5,104.43,59142.98,5,4,6265.8,0.1059,1.0,108.03,1
20,5,80.93,45917.28,1,4,4855.8,0.1058,1.0,242.79,1
61,6,153.72,62752.06,2,0,11067.84,0.1764,6.0,181.44,0
39,8,74.24,69383.83,2,4,7127.04,0.1027,1.6,182.74,1
1,3,46.7,42480.64,3,2,1681.2,0.0396,1.0,1681.2,0
3,9,67.61,30354.36,3,2,7301.88,0.2406,3.0,2433.96,1
62,8,33.4,49520.78,4,2,3206.4,0.0647,2.667,51.72,0
63,6,35.23,78167.23,4,1,2536.56,0.0325,3.0,40.26,0
25,5,39.44,70041.83,5,2,2366.4,0.0338,1.667,94.66,0
56,7,114.14,48202.79,5,1,9587.76,0.1989,3.5,171.21,1
33,8,108.39,43572.9,2,1,10405.44,0.2388,4.0,315.32,0
38,5,116.99,44931.71,5,2,7019.4,0.1562,1.667,184.72,0
6,4,70.61,31642.74,4,0,3389.28,0.1071,4.0,564.88,0
58,8,58.53,69125.93,3,2,5618.88,0.0813,2.667,96.88,0
44,2,224.93,72413.49,4,4,5398.32,0.0745,0.4,122.69,1
45,7,98.86,48031.52,2,2,8304.24,0.1729,2.333,184.54,1
32,8,55.29,45987.73,5,1,5307.84,0.1154,4.0,165.87,0
45,9,172.78,42431.07,4,1,18660.24,0.4398,4.5,414.67,0
61,7,161.43,46893.42,5,3,13560.12,0.2892,1.75,222.3,0
47,6,122.46,41766.88,5,1,8817.12,0.2111,3.0,187.6,0
21,5,85.96,52206.33,4,0,5157.6,0.0988,5.0,245.6,0
36,6,62.57,69155.13,2,1,4505.04,0.0651,3.0,125.14,0
19,6,75.6,67300.46,2,4,5443.2,0.0809,1.2,286.48,1
20,8,151.46,39903.57,3,4,14540.16,0.3644,1.6,727.01,1
57,5,66.23,57732.57,2,4,3973.8,0.0688,1.0,69.72,0
18,6,50.73,66630.72,4,3,3652.56,0.0548,1.5,202.92,0
47,2,121.54,38083.81,3,2,2916.96,0.0766,0.667,62.06,0
49,3,91.13,57545.51,5,3,3280.68,0.057,0.75,66.95,0
14,6,67.45,76845.63,4,3,4856.4,0.0632,1.5,346.89,1
15,7,70.32,50591.98,2,2,5906.88,0.1168,2.333,393.79,1
31,6,31.18,18677.76,3,1,2244.96,0.1202,3.0,72.42,0
1,9,72.61,9689.85,3,1,7841.88,0.7842,4.5,7841.88,1
54,5,145.21,60594.63,4,2,8712.6,0.1438,1.667,161.34,0
3,6,58.91,56917.3,4,5,4241.52,0.0745,1.0,1413.84,0
16,6,241.66,58379.23,1,1,17399.52,0.298,3.0,1087.47,1
57,8,91.99,63807.17,4,2,8831.04,0.1384,2.667,154.93,0
12,6,23.33,28369.84,4,1,1679.76,0.0592,3.0,139.98,1
16,8,44.75,40477.38,4,1,4296.0,0.1061,4.0,268.5,0
24,3,11.56,62615.14,4,3,416.16,0.0066,0.75,17.34,0
28,5,102.91,68245.55,3,4,6174.6,0.0905,1.0,220.52,1
8,6,58.81,50376.07,1,1,4234.32,0.0841,3.0,529.29,0
36,5,122.81,29219.01,4,1,7368.6,0.2522,2.5,204.68,0
8,12,155.95,61119.35,5,1,22456.8,0.3674,6.0,2807.1,0
58,10,133.86,55920.41,3,3,16063.2,0.2873,2.5,276.95,1
60,6,132.47,35951.52,3,1,9537.84,0.2653,3.0,158.96,0
50,4,75.67,19294.59,2,0,3632.16,0.1882,4.0,72.64,0
28,7,59.6,65282.53,3,2,5006.4,0.0767,2.333,178.8,1
41,5,116.42,43885.86,3,3,6985.2,0.1592,1.25,170.37,1
64,9,61.77,58360.56,3,0,6671.16,0.1143,9.0,104.24,0
27,5,76.88,57692.07,4,4,4612.8,0.08,1.0,170.84,0
63,8,62.9,34355.29,3,1,6038.4,0.1758,4.0,95.85,0
17,4,66.48,62521.55,1,2,3191.04,0.051,1.333,187.71,0
33,7,120.53,39523.82,3,0,10124.52,0.2562,7.0,306.8,0
29,11,64.63,28083.12,5,4,8531.16,0.3038,2.2,294.18,1
13,3,121.52,25777.39,4,3,4374.72,0.1697,0.75,336.52,1
46,6,155.57,54941.74,5,2,11201.04,0.2039,2.0,243.5,0
35,6,71.55,83693.84,4,2,5151.6,0.0616,2.0,147.19,1
6,4,54.29,55738.39,3,0,2605.92,0.0468,4.0,434.32,0
69,7,141.6,87096.85,2,0,11894.4,0.1366,7.0,172.38,0
47,8,105.84,81078.79,4,4,10160.64,0.1253,1.6,216.18,0
25,9,63.76,64293.15,4,1,6886.08,0.1071,4.5,275.44,0
66,7,78.76,83340.84,4,4,6615.84,0.0794,1.4,100.24,1
10,6,109.86,81304.7,4,2,7909.92,0.0973,2.0,790.99,0
56,7,41.9,76216.53,4,0,3519.6,0.0462,7.0,62.85,0
30,6,184.44,21082.06,1,0,13279.68,0.6299,6.0,442.66,0
5,5,136.43,50738.61,4,2,8185.8,0.1613,1.667,1637.16,0
33,6,92.83,42513.46,4,1,6683.76,0.1572,3.0,202.54,0
65,7,180.23,76080.35,3,2,15139.32,0.199,2.333,232.91,1
18,4,166.9,49469.49,4,1,8011.2,0.1619,2.0,445.07,1
49,1,84.44,86541.58,4,3,1013.28,0.0117,0.25,20.68,1
11,6,81.45,56828.12,2,1,5864.4,0.1032,3.0,533.13,1
26,10,82.95,54496.86,3,2,9954.0,0.1827,3.333,382.85,1
63,8,118.08,48184.34,3,2,11335.68,0.2353,2.667,179.93,0
59,4,113.94,51676.93,3,2,5469.12,0.1058,1.333,92.7,0
27,3,35.15,59837.4,2,1,1265.4,0.0211,1.5,46.87,0
49,1,110.45,53810.59,2,1,1325.4,0.0246,0.5,27.05,0
33,5,110.14,46632.34,2,3,6608.4,0.1417,1.25,200.25,0
1,6,23.59,47698.73,3,2,1698.48,0.0356,2.0,1698.48,1
21,5,83.36,87778.36,5,2,5001.6,0.057,1.667,238.17,1
55,8,95.41,90955.21,2,3,9159.36,0.1007,2.0,166.53,0
6,5,38.74,46525.65,3,1,2324.4,0.05,2.5,387.4,0
69,5,50.01,70281.47,3,3,3000.6,0.0427,1.25,43.49,1
5,5,61.73,40099.44,4,1,3703.8,0.0924,2.5,740.76,0
3,6,118.79,49117.07,1,1,8552.88,0.1741,3.0,2850.96,1
53,6,158.97,35424.75,2,2,11445.84,0.3231,2.0,215.96,0
23,9,115.3,73357.01,2,1,12452.4,0.1698,4.5,541.41,0
53,8,97.78,63721.41,5,3,9386.88,0.1473,2.0,177.11,0
37,6,126.8,67158.05,4,1,9129.6,0.1359,3.0,246.75,0
17,3,22.98,70988.63,2,2,827.28,0.0117,1.0,48.66,1
1,7,153.13,39347.01,3,1,12862.92,0.3269,3.5,12862.92,1
51,5,87.12,49160.48,2,1,5227.2,0.1063,2.5,102.49,0
45,6,144.52,63014.18,2,3,10405.44,0.1651,1.5,231.23,1
4,7,123.15,48779.79,4,4,10344.6,0.2121,1.4,2586.15,1
62,3,63.74,56249.65,4,2,2294.64,0.0408,1.0,37.01,0
65,11,103.33,40605.0,4,3,13639.56,0.3359,2.75,209.84,0
32,1,66.43,78935.15,3,3,797.16,0.0101,0.25,24.91,1
34,7,113.41,71893.55,4,2,9526.44,0.1325,2.333,280.19,0
39,3,194.47,77267.4,3,2,7000.92,0.0906,1.0,179.51,0
26,7,113.64,66864.17,3,3,9545.76,0.1428,1.75,367.14,1
34,9,24.42,35310.23,4,2,2637.36,0.0747,3.0,77.57,1
54,2,62.35,46368.51,2,1,1496.4,0.0323,1.0,27.71,0
3,6,136.51,42368.82,4,6,9828.72,0.232,0.857,3276.24,1
50,5,60.69,50369.05,5,2,3641.4,0.0723,1.667,72.83,0
12,3,156.08,74039.75,2,2,5618.88,0.0759,1.0,468.24,1
65,6,55.45,28490.31,5,1,3992.4,0.1401,3.0,61.42,0
54,4,146.8,44494.49,1,0,7046.4,0.1584,4.0,130.49,0
5,6,72.52,47899.25,3,2,5221.44,0.109,2.0,1044.29,0
57,7,118.93,31347.7,4,2,9990.12,0.3187,2.333,175.27,0
17,7,137.14,58685.65,4,2,11519.76,0.1963,2.333,677.63,0
47,3,102.76,48844.37,2,2,3699.36,0.0757,1.0,78.71,1
23,6,76.4,75012.7,4,1,5500.8,0.0733,3.0,239.17,0
14,5,104.54,50047.78,5,7,6272.4,0.1253,0.625,448.03,1
66,8,87.12,63260.96,2,4,8363.52,0.1322,1.6,126.72,0
51,11,94.17,57069.74,5,3,12430.44,0.2178,2.75,243.73,0
38,5,41.93,10332.77,4,4,2515.8,0.2435,1.0,66.21,0
64,2,125.24,29167.38,5,2,3005.76,0.1031,0.667,46.96,0
38,7,101.38,61903.73,2,2,8515.92,0.1376,2.333,224.1,0
50,8,36.57,61083.31,4,0,3510.72,0.0575,8.0,70.21,0
30,5,78.69,53763.94,1,5,4721.4,0.0878,0.833,157.38,1
51,9,29.42,78942.4,5,1,3177.36,0.0402,4.5,62.3,0
63,8,95.12,64179.55,4,3,9131.52,0.1423,2.0,144.94,1
52,6,117.33,83265.32,3,3,8447.76,0.1015,1.5,162.46,0
38,7,67.57,10725.99,2,1,5675.88,0.5292,3.5,149.37,1
30,7,65.23,86214.66,4,0,5479.32,0.0636,7.0,182.64,0
51,5,76.78,44071.25,4,1,4606.8,0.1045,2.5,90.33,0
5,4,65.04,55447.55,3,0,3121.92,0.0563,4.0,624.38,0
29,6,59.51,76361.89,3,2,4284.72,0.0561,2.0,147.75,0
4,7,33.8,16934.23,4,0,2839.2,0.1677,7.0,709.8,0
10,4,64.04,50439.99,3,0,3073.92,0.0609,4.0,307.39,1
56,6,42.61,73158.68,2,3,3067.92,0.0419,1.5,54.78,1
17,5,152.87,43893.1,5,2,9172.2,0.209,1.667,539.54,0
17,7,165.08,71447.33,3,2,13866.72,0.1941,2.333,815.69,0
69,8,114.27,67174.87,3,2,10969.92,0.1633,2.667,158.98,0
34,3,149.45,58045.0,2,3,5380.2,0.0927,0.75,158.24,0
6,6,61.49,65780.19,5,1,4427.28,0.0673,3.0,737.88,0
53,10,116.85,78303.4,2,2,14022.0,0.1791,3.333,264.57,0
66,5,115.48,65845.02,4,0,6928.8,0.1052,5.0,104.98,0
43,5,105.27,71724.32,5,0,6316.2,0.0881,5.0,146.89,0
23,7,75.72,39136.71,1,5,6360.48,0.1625,1.167,276.54,1
55,6,92.02,65475.89,4,2,6625.44,0.1012,2.0,120.46,0
16,8,103.38,63808.57,3,1,9924.48,0.1555,4.0,620.28,0
8,3,102.28,75230.08,4,1,3682.08,0.0489,1.5,460.26,1
4,5,57.76,34156.08,3,0,3465.6,0.1015,5.0,866.4,0
4,9,160.51,74324.99,4,2,17335.08,0.2332,3.0,4333.77,0
56,6,95.37,39175.05,3,1,6866.64,0.1753,3.0,122.62,0
25,11,128.86,97131.58,1,1,17009.52,0.1751,5.5,680.38,0
67,5,70.8,39007.5,5,4,4248.0,0.1089,1.0,63.4,1
67,7,113.5,33998.07,1,2,9534.0,0.2804,2.333,142.3,0
27,5,98.36,49770.91,4,1,5901.6,0.1186,2.5,218.58,0
32,4,60.71,73870.57,2,1,2914.08,0.0394,2.0,91.06,1
50,1,92.65,61390.86,3,1,1111.8,0.0181,0.5,22.24,0
61,10,80.04,85231.03,4,3,9604.8,0.1127,2.5,157.46,0
51,7,83.88,49591.06,2,3,7045.92,0.1421,1.75,138.16,0
19,2,139.11,46180.59,5,0,3338.64,0.0723,2.0,175.72,0
21,6,87.84,41779.8,4,2,6324.48,0.1514,2.0,301.17,1
5,6,135.36,45526.47,3,2,9745.92,0.2141,2.0,1949.18,1
42,7,118.38,29850.14,4,1,9943.92,0.3331,3.5,236.76,0
61,4,97.25,43321.22,3,1,4668.0,0.1078,2.0,76.52,0
22,6,142.66,33211.31,3,0,10271.52,0.3093,6.0,466.89,0
21,4,137.64,67941.46,4,0,6606.72,0.0972,4.0,314.61,0
70,5,97.34,81643.5,3,2,5840.4,0.0715,1.667,83.43,0
1,5,100.69,58989.51,2,3,6041.4,0.1024,1.25,6041.4,1
5,8,143.34,42869.81,4,1,13760.64,0.321,4.0,2752.13,1
12,4,121.71,68396.96,4,2,5842.08,0.0854,1.333,486.84,0
46,5,159.76,54293.33,4,2,9585.6,0.1766,1.667,208.38,0
34,8,87.0,73267.26,4,2,8352.0,0.114,2.667,245.65,0
49,6,52.96,37982.3,4,1,3813.12,0.1004,3.0,77.82,0
45,5,66.57,39231.95,4,3,3994.2,0.1018,1.25,88.76,0
27,5,35.25,68070.86,3,0,2115.0,0.0311,5.0,78.33,0
26,9,64.53,54635.2,5,3,6969.24,0.1276,2.25,268.05,0
47,8,121.12,71683.78,2,2,11627.52,0.1622,2.667,247.39,1
56,8,87.66,39546.57,4,1,8415.36,0.2128,4.0,150.27,0
63,4,60.48,62805.75,5,1,2903.04,0.0462,2.0,46.08,0
48,9,71.59,64836.77,4,2,7731.72,0.1192,3.0,161.08,0
61,4,105.31,27331.82,5,1,5054.88,0.1849,2.0,82.87,0
26,7,73.29,54938.42,3,2,6156.36,0.1121,2.333,236.78,0
36,4,83.17,18708.55,3,3,3992.16,0.2134,1.0,110.89,0
1,4,43.28,81457.36,5,1,2077.44,0.0255,2.0,2077.44,0
8,10,151.34,31283.17,3,2,18160.8,0.5805,3.333,2270.1,1
52,8,160.92,51599.94,4,3,15448.32,0.2994,2.0,297.08,1
47,6,62.03,54911.77,2,3,4466.16,0.0813,1.5,95.02,0
56,6,78.69,37681.57,4,4,5665.68,0.1504,1.2,101.17,0
14,5,33.07,88285.68,4,1,1984.2,0.0225,2.5,141.73,0
28,5,145.79,42549.49,3,2,8747.4,0.2056,1.667,312.41,0
2,4,49.41,50143.72,4,3,2371.68,0.0473,1.0,1185.84,0
26,7,90.75,42589.03,4,1,7623.0,0.179,3.5,293.19,0
14,3,56.12,42436.15,1,0,2020.32,0.0476,3.0,144.31,0
59,7,91.71,53038.34,4,0,7703.64,0.1452,7.0,130.57,0
56,7,133.49,67654.99,4,0,11213.16,0.1657,7.0,200.24,0
7,8,118.03,57882.36,2,0,11330.88,0.1958,8.0,1618.7,0
3,11,121.94,41346.48,4,4,16096.08,0.3893,2.2,5365.36,0
23,6,46.72,54886.75,3,1,3363.84,0.0613,3.0,146.25,0
18,3,89.69,30393.9,3,2,3228.84,0.1062,1.0,179.38,0
38,8,204.87,76298.7,3,0,19667.52,0.2578,8.0,517.57,0
15,3,102.53,45892.65,4,3,3691.08,0.0804,0.75,246.07,1
64,10,93.24,46855.69,5,0,11188.8,0.2388,10.0,174.82,0
28,6,81.75,19969.32,2,1,5886.0,0.2948,3.0,210.21,0
39,7,98.29,45879.45,3,0,8256.36,0.18,7.0,211.7,0
57,3,91.56,85281.8,1,0,3296.16,0.0387,3.0,57.83,0
17,4,188.78,66007.38,4,1,9061.44,0.1373,2.0,533.03,0
44,6,129.85,74961.95,3,3,9349.2,0.1247,1.5,212.48,1
25,6,86.66,57098.99,4,0,6239.52,0.1093,6.0,249.58,0
17,6,126.99,7837.17,3,1,9143.28,0.9143,3.0,537.84,0
13,6,64.38,56252.84,5,2,4635.36,0.0824,2.0,356.57,1
25,7,90.91,58621.83,4,6,7636.44,0.1303,1.0,305.46,0
68,7,73.29,71121.5,5,2,6156.36,0.0866,2.333,90.53,0
10,3,123.23,54338.67,1,2,4436.28,0.0816,1.0,443.63,1
67,3,87.95,41107.76,4,2,3166.2,0.077,1.0,47.26,0
18,3,97.66,53214.39,4,2,3515.76,0.0661,1.0,195.32,0
34,7,84.94,48839.32,4,2,7134.96,0.1461,2.333,209.85,0
8,6,107.46,64425.6,1,4,7737.12,0.1201,1.2,967.14,1
40,4,124.08,53254.53,5,2,5955.84,0.1118,1.333,148.9,0
42,6,161.15,37177.5,3,1,11602.8,0.3121,3.0,276.26,1
41,9,81.31,65204.2,3,1,8781.48,0.1347,4.5,214.18,0
6,5,57.7,41700.56,4,3,3462.0,0.083,1.25,577.0,0
52,3,110.03,49312.06,4,1,3961.08,0.0803,1.5,76.17,0
26,11,50.66,46649.48,4,3,6687.12,0.1433,2.75,257.2,0
64,6,80.22,59270.01,3,3,5775.84,0.0974,1.5,90.25,1
59,6,44.13,30316.91,3,1,3177.36,0.1048,3.0,53.85,1
56,8,276.25,55577.95,4,0,26520.0,0.4772,8.0,473.57,0
59,3,151.96,74447.9,3,2,5470.56,0.0735,1.0,92.72,0
70,7,145.65,56723.89,5,3,12234.6,0.2157,1.75,174.78,0
33,6,164.72,42986.27,5,0,11859.84,0.2759,6.0,359.39,0
53,5,138.62,48418.27,3,2,8317.2,0.1718,1.667,156.93,1
22,5,102.81,60323.46,1,2,6168.6,0.1023,1.667,280.39,1
21,8,104.12,65085.36,5,4,9995.52,0.1536,1.6,475.98,1
70,7,157.64,82070.86,2,0,13241.76,0.1613,7.0,189.17,0
70,8,162.28,25736.63,3,2,15578.88,0.6053,2.667,222.56,0
4,3,60.11,59741.88,2,2,2163.96,0.0362,1.0,540.99,0
62,7,86.85,58337.07,2,2,7295.4,0.1251,2.333,117.67,0
62,8,96.14,53798.33,4,2,9229.44,0.1716,2.667,148.86,0
24,4,140.51,61397.91,4,1,6744.48,0.1098,2.0,281.02,0
55,4,64.63,50868.35,5,0,3102.24,0.061,4.0,56.4,0
9,8,61.33,37021.35,3,1,5887.68,0.159,4.0,654.19,0
3,4,48.71,58843.47,4,2,2338.08,0.0397,1.333,779.36,1
31,6,73.9,66686.58,5,0,5320.8,0.0798,6.0,171.64,0
40,2,79.79,54148.35,4,1,1914.96,0.0354,1.0,47.87,0
36,4,177.92,74068.17,4,3,8540.16,0.1153,1.0,237.23,0
24,4,133.43,50726.85,2,2,6404.64,0.1263,1.333,266.86,0
6,6,140.48,63290.19,4,1,10114.56,0.1598,3.0,1685.76,0
66,8,56.76,26528.62,3,2,5448.96,0.2054,2.667,82.56,1
4,6,84.53,95363.76,4,0,6086.16,0.0638,6.0,1521.54,0
6,7,126.12,50903.57,4,5,10594.08,0.2081,1.167,1765.68,1
51,9,99.27,46212.65,4,2,10721.16,0.232,3.0,210.22,0
62,10,116.66,50216.48,4,1,13999.2,0.2788,5.0,225.79,0
57,6,49.12,37921.89,4,2,3536.64,0.0933,2.0,62.05,0
66,8,97.46,33966.7,1,1,9356.16,0.2755,4.0,141.76,0
8,8,129.11,55738.8,3,3,12394.56,0.2224,2.0,1549.32,1
26,8,57.71,57054.08,4,5,5540.16,0.0971,1.333,213.08,1
51,6,38.33,59029.76,3,5,2759.76,0.0468,1.0,54.11,0
45,6,56.57,54389.04,3,5,4073.04,0.0749,1.0,90.51,1
44,4,156.72,53504.42,2,1,7522.56,0.1406,2.0,170.97,0
5,10,52.49,33344.63,3,5,6298.8,0.1889,1.667,1259.76,1
70,3,94.02,46227.36,5,2,3384.72,0.0732,1.0,48.35,0
26,4,37.61,57902.94,3,3,1805.28,0.0312,1.0,69.43,1
68,8,61.32,45302.66,4,2,5886.72,0.1299,2.667,86.57,0
19,7,101.96,60259.04,4,2,8564.64,0.1421,2.333,450.77,0
20,4,93.06,52566.23,1,1,4466.88,0.085,2.0,223.34,1
12,5,145.86,52427.44,5,1,8751.6,0.1669,2.5,729.3,1
47,4,111.42,58730.84,3,2,5348.16,0.0911,1.333,113.79,1
1,4,57.7,63732.58,5,0,2769.6,0.0435,4.0,2769.6,0
14,7,83.95,67744.38,1,6,7051.8,0.1041,1.0,503.7,1
64,5,76.34,90694.77,2,4,4580.4,0.0505,1.0,71.57,0
38,5,29.32,70548.07,3,0,1759.2,0.0249,5.0,46.29,0
37,6,180.0,28352.01,3,1,12960.0,0.4571,3.0,350.27,0
11,6,94.99,35490.48,5,0,6839.28,0.1927,6.0,621.75,0
3,5,102.61,50056.36,1,0,6156.6,0.123,5.0,2052.2,0
33,3,124.35,41267.49,4,3,4476.6,0.1085,0.75,135.65,0
6,6,125.09,62028.94,2,4,9006.48,0.1452,1.2,1501.08,0
50,5,130.97,63938.66,4,3,7858.2,0.1229,1.25,157.16,0
10,5,78.31,46296.77,4,0,4698.6,0.1015,5.0,469.86,0
5,8,74.08,76414.15,4,1,7111.68,0.0931,4.0,1422.34,1
23,5,148.34,81175.6,2,1,8900.4,0.1096,2.5,386.97,0
10,9,182.01,22387.1,4,2,19657.08,0.8781,3.0,1965.71,1
44,9,37.54,29280.2,2,4,4054.32,0.1385,1.8,92.14,1
2,3,145.96,74750.32,2,0,5254.56,0.0703,3.0,2627.28,0
13,5,83.97,70656.92,4,1,5038.2,0.0713,2.5,387.55,0
40,7,90.36,64047.73,5,1,7590.24,0.1185,3.5,189.76,0
2,4,23.04,55196.92,5,1,1105.92,0.02,2.0,552.96,0
65,4,93.97,53143.9,4,0,4510.56,0.0849,4.0,69.39,0
63,5,71.34,64658.79,4,4,4280.4,0.0662,1.0,67.94,0
17,8,27.72,58176.58,5,3,2661.12,0.0457,2.0,156.54,0
9,4,154.81,78539.01,4,2,7430.88,0.0946,1.333,825.65,0
15,6,102.09,42737.61,3,2,7350.48,0.172,2.0,490.03,0
24,6,109.02,55323.92,5,3,7849.44,0.1419,1.5,327.06,0
38,3,154.23,71026.04,3,2,5552.28,0.0782,1.0,146.11,0
35,3,126.11,57959.53,2,2,4539.96,0.0783,1.0,129.71,0
49,6,48.05,67116.87,4,5,3459.6,0.0515,1.0,70.6,0
69,7,138.84,66855.19,2,2,11662.56,0.1744,2.333,169.02,0
62,6,41.93,47352.86,3,2,3018.96,0.0638,2.0,48.69,0
60,7,121.79,36627.98,3,3,10230.36,0.2793,1.75,170.51,0
50,5,199.1,41539.91,4,1,11946.0,0.2876,2.5,238.92,0
9,6,122.27,35492.2,5,1,8803.44,0.248,3.0,978.16,0
34,7,79.81,21592.27,2,3,6704.04,0.3105,1.75,197.18,1
35,4,195.99,74651.7,3,0,9407.52,0.126,4.0,268.79,0
1,5,101.89,21051.59,2,1,6113.4,0.2904,2.5,6113.4,1
40,8,58.55,88506.28,4,4,5620.8,0.0635,1.6,140.52,0
64,6,68.75,45499.83,4,3,4950.0,0.1088,1.5,77.34,0
22,9,67.69,49989.6,4,2,7310.52,0.1462,3.0,332.3,0
60,2,216.55,27731.92,3,4,5197.2,0.1874,0.4,86.62,1
64,8,121.35,61922.2,4,2,11649.6,0.1881,2.667,182.02,0
11,5,123.29,50303.94,4,1,7397.4,0.1471,2.5,672.49,0
14,9,114.23,56099.76,2,2,12336.84,0.2199,3.0,881.2,0
60,9,105.33,40831.78,3,2,11375.64,0.2786,3.0,189.59,0
30,4,74.54,63654.68,3,1,3577.92,0.0562,2.0,119.26,0
35,2,52.04,40169.49,5,6,1248.96,0.0311,0.286,35.68,1
37,6,109.71,56417.79,5,2,7899.12,0.14,2.0,213.49,0
5,6,193.33,63315.67,4,4,13919.76,0.2198,1.2,2783.95,1
26,7,107.19,81123.56,5,3,9003.96,0.111,1.75,346.31,0
62,8,161.27,69506.22,4,4,15481.92,0.2227,1.6,249.71,0
4,5,36.93,56617.82,5,1,2215.8,0.0391,2.5,553.95,0
42,8,107.44,54856.58,1,4,10314.24,0.188,1.6,245.58,1
18,10,72.31,60641.42,3,1,8677.2,0.1431,5.0,482.07,0
40,5,57.06,68800.82,4,1,3423.6,0.0498,2.5,85.59,0
39,3,174.8,41602.39,4,0,6292.8,0.1513,3.0,161.35,0
14,5,76.77,71257.77,2,1,4606.2,0.0646,2.5,329.01,0
32,3,121.23,38134.1,3,3,4364.28,0.1144,0.75,136.38,1
51,8,88.98,63213.64,3,0,8542.08,0.1351,8.0,167.49,0
38,9,47.97,64745.69,3,3,5180.76,0.08,2.25,136.34,1
23,7,128.82,42911.83,3,0,10820.88,0.2522,7.0,470.47,0
63,7,79.34,27237.15,4,2,6664.56,0.2447,2.333,105.79,0
15,6,137.48,50237.76,5,3,9898.56,0.197,1.5,659.9,1
25,9,61.55,7662.32,4,5,6647.4,0.6647,1.5,265.9,1
17,5,72.95,51789.44,5,2,4377.0,0.0845,1.667,257.47,0
66,5,119.2,32531.67,5,1,7152.0,0.2198,2.5,108.36,0
53,5,63.95,111038.53,3,5,3837.0,0.0346,0.833,72.4,1
51,6,127.86,74056.51,3,1,9205.92,0.1243,3.0,180.51,0
39,2,33.13,56299.59,1,5,795.12,0.0141,0.333,20.39,0
51,6,52.41,78983.38,5,3,3773.52,0.0478,1.5,73.99,0
70,6,96.85,67690.63,1,0,6973.2,0.103,6.0,99.62,0
6,5,123.4,34056.28,4,0,7404.0,0.2174,5.0,1234.0,1
67,7,98.88,43742.16,3,2,8305.92,0.1899,2.333,123.97,0
7,6,116.98,73530.41,5,3,8422.56,0.1145,1.5,1203.22,1
51,5,77.12,37710.33,3,2,4627.2,0.1227,1.667,90.73,1
42,3,31.7,62115.72,4,0,1141.2,0.0184,3.0,27.17,0
64,5,81.7,67145.64,3,1,4902.0,0.073,2.5,76.59,0
15,5,82.58,50308.42,3,3,4954.8,0.0985,1.25,330.32,0
29,5,155.22,57741.94,4,2,9313.2,0.1613,1.667,321.14,0
33,4,126.71,69972.29,5,5,6082.08,0.0869,0.667,184.31,0
27,4,54.65,69113.61,4,4,2623.2,0.038,0.8,97.16,1
36,4,27.25,63067.19,5,1,1308.0,0.0207,2.0,36.33,1
29,3,88.73,54766.82,4,2,3194.28,0.0583,1.0,110.15,0
38,9,72.08,65572.4,4,2,7784.64,0.1187,3.0,204.86,1
57,6,186.75,18612.35,3,3,13446.0,0.7224,1.5,235.89,0
27,6,157.37,81560.43,3,1,11330.64,0.1389,3.0,419.65,0
55,8,47.95,52613.97,2,2,4603.2,0.0875,2.667,83.69,0
33,1,125.01,41770.59,5,3,1500.12,0.0359,0.25,45.46,0
68,7,116.28,65790.35,5,0,9767.52,0.1485,7.0,143.64,0
66,2,114.29,65285.73,4,2,2742.96,0.042,0.667,41.56,0
10,1,265.41,37424.32,3,2,3184.92,0.0851,0.333,318.49,1
5,6,90.08,56215.72,3,2,6485.76,0.1154,2.0,1297.15,1
38,7,131.83,55672.03,5,1,11073.72,0.1989,3.5,291.41,0
13,2,140.08,54497.5,1,1,3361.92,0.0617,1.0,258.61,1
31,6,109.98,84232.36,5,4,7918.56,0.094,1.2,255.44,0
47,6,185.62,54637.2,3,1,13364.64,0.2446,3.0,284.35,0
52,7,102.81,52661.71,3,2,8636.04,0.164,2.333,166.08,1
56,5,136.79,42753.38,5,0,8207.4,0.192,5.0,146.56,0
15,5,67.56,40152.89,2,1,4053.6,0.101,2.5,270.24,0
29,3,52.22,62056.77,3,1,1879.92,0.0303,1.5,64.82,1
8,6,118.81,46543.24,5,1,8554.32,0.1838,3.0,1069.29,1
5,9,92.15,51617.27,4,0,9952.2,0.1928,9.0,1990.44,0
29,7,94.59,58567.03,4,1,7945.56,0.1357,3.5,273.98,0
47,7,80.77,56146.41,4,2,6784.68,0.1208,2.333,144.35,0
68,6,135.45,57429.3,1,0,9752.4,0.1698,6.0,143.42,0
45,3,101.97,57363.7,2,1,3670.92,0.064,1.5,81.58,0
2,3,228.73,66242.81,4,2,8234.28,0.1243,1.0,4117.14,1
27,5,100.45,102538.55,3,2,6027.0,0.0588,1.667,223.22,0
36,8,112.37,77127.59,3,1,10787.52,0.1399,4.0,299.65,0
36,9,142.98,48478.78,4,4,15441.84,0.3185,1.8,428.94,0
26,4,118.44,76879.12,1,2,5685.12,0.0739,1.333,218.66,1
43,5,53.36,36031.77,4,4,3201.6,0.0889,1.0,74.46,0
27,6,86.0,44807.36,1,1,6192.0,0.1382,3.0,229.33,0
69,10,65.36,67723.89,1,2,7843.2,0.1158,3.333,113.67,0
20,8,115.7,67165.6,3,4,11107.2,0.1654,1.6,555.36,1
11,5,106.3,65827.65,5,2,6378.0,0.0969,1.667,579.82,0
38,6,139.01,44374.64,2,5,10008.72,0.2256,1.0,263.39,1
6,4,147.49,44498.01,4,2,7079.52,0.1591,1.333,1179.92,1
23,5,65.32,57360.73,4,1,3919.2,0.0683,2.5,170.4,0
47,7,146.17,50458.78,2,1,12278.28,0.2433,3.5,261.24,1
46,3,156.28,70987.16,4,1,5626.08,0.0793,1.5,122.31,0
12,9,58.81,50007.99,5,2,6351.48,0.127,3.0,529.29,0
13,6,112.45,49477.37,4,1,8096.4,0.1636,3.0,622.8,0
62,5,169.21,25734.86,2,2,10152.6,0.3945,1.667,163.75,0
60,8,85.36,70755.94,4,4,8194.56,0.1158,1.6,136.58,1
43,7,94.84,60802.79,4,2,7966.56,0.131,2.333,185.27,0
68,8,112.13,13851.95,1,5,10764.48,0.7771,1.333,158.3,1
5,5,15.27,63010.34,2,3,916.2,0.0145,1.25,183.24,0
37,4,101.12,47778.82,2,4,4853.76,0.1016,0.8,131.18,1
31,9,104.11,68966.98,2,1,11243.88,0.163,4.5,362.71,0
9,7,125.59,53108.02,3,1,10549.56,0.1986,3.5,1172.17,0
51,4,127.83,40521.26,3,2,6135.84,0.1514,1.333,120.31,1
29,6,93.33,86122.85,3,1,6719.76,0.078,3.0,231.72,0
40,7,194.12,83295.42,5,3,16306.08,0.1958,1.75,407.65,0
41,4,65.21,51657.77,4,2,3130.08,0.0606,1.333,76.34,0
11,7,137.13,61707.5,5,0,11518.92,0.1867,7.0,1047.17,0
23,3,27.97,46733.93,4,0,1006.92,0.0215,3.0,43.78,0
1,4,97.83,24283.2,2,0,4695.84,0.1934,4.0,4695.84,0
46,7,25.07,78718.56,3,2,2105.88,0.0268,2.333,45.78,0
21,5,100.86,40640.65,4,2,6051.6,0.1489,1.667,288.17,1
36,6,117.75,77923.73,2,1,8478.0,0.1088,3.0,235.5,0
54,3,81.8,67550.11,2,3,2944.8,0.0436,0.75,54.53,1
57,4,96.5,60168.87,3,1,4632.0,0.077,2.0,81.26,0
1,6,132.05,54263.5,3,2,9507.6,0.1752,2.0,9507.6,0
63,6,13.32,67625.94,3,1,959.04,0.0142,3.0,15.22,0
54,5,75.31,38252.64,2,2,4518.6,0.1181,1.667,83.68,0
55,6,171.5,79019.5,3,2,12348.0,0.1563,2.0,224.51,1
40,9,52.71,57577.74,4,1,5692.68,0.0989,4.5,142.32,0
15,7,68.99,81910.44,3,2,5795.16,0.0707,2.333,386.34,0
21,4,32.62,52798.41,4,0,1565.76,0.0297,4.0,74.56,0
47,6,75.64,57565.07,4,3,5446.08,0.0946,1.5,115.87,0
53,6,91.08,59750.07,4,1,6557.76,0.1098,3.0,123.73,0
9,7,260.84,65368.06,3,3,21910.56,0.3352,1.75,2434.51,1
52,4,114.35,87595.72,4,4,5488.8,0.0627,0.8,105.55,0
57,5,77.37,47114.76,1,1,4642.2,0.0985,2.5,81.44,0
26,5,42.32,52697.77,3,5,2539.2,0.0482,0.833,97.66,1
41,5,69.26,54653.77,4,0,4155.6,0.076,5.0,101.36,0
35,3,62.62,13321.98,2,3,2254.32,0.1692,0.75,64.41,1
63,7,29.47,45011.68,3,3,2475.48,0.055,1.75,39.29,0
25,5,51.86,46182.75,2,2,3111.6,0.0674,1.667,124.46,0
38,12,78.6,102485.85,1,1,11318.4,0.1104,6.0,297.85,0
2,5,84.16,59652.47,3,0,5049.6,0.0847,5.0,2524.8,0
7,6,130.99,63882.68,5,5,9431.28,0.1476,1.0,1347.33,1
34,3,175.04,28564.02,3,0,6301.44,0.2206,3.0,185.34,0
17,4,83.27,53870.9,3,0,3996.96,0.0742,4.0,235.12,0
43,6,139.22,71849.78,4,1,10023.84,0.1395,3.0,233.11,0
59,6,77.43,100299.64,4,2,5574.96,0.0556,2.0,94.49,0
51,7,59.95,42682.64,5,1,5035.8,0.118,3.5,98.74,0
54,5,128.03,22319.57,5,5,7681.8,0.3442,0.833,142.26,1
24,13,76.81,41043.38,4,1,11982.36,0.2919,6.5,499.27,0
25,1,63.89,41116.13,5,2,766.68,0.0186,0.333,30.67,1
71,6,58.52,41284.41,3,3,4213.44,0.1021,1.5,59.34,0
52,4,39.55,71335.13,4,1,1898.4,0.0266,2.0,36.51,0
70,3,96.37,61170.11,5,1,3469.32,0.0567,1.5,49.56,1
33,4,70.86,34688.46,4,1,3401.28,0.0981,2.0,103.07,1
49,3,141.62,80491.66,5,2,5098.32,0.0633,1.0,104.05,0
29,4,195.61,89074.65,2,1,9389.28,0.1054,2.0,323.77,1
63,6,58.34,24309.84,3,2,4200.48,0.1728,2.0,66.67,0
22,6,46.36,76197.66,5,2,3337.92,0.0438,2.0,151.72,0
26,10,177.42,51937.87,3,4,21290.4,0.4099,2.0,818.86,0
28,6,100.92,38043.76,4,1,7266.24,0.191,3.0,259.51,1
49,6,99.23,28806.49,1,3,7144.56,0.248,1.5,145.81,1
71,3,109.71,46849.87,4,3,3949.56,0.0843,0.75,55.63,0
49,7,152.8,45606.6,5,3,12835.2,0.2814,1.75,261.94,0
20,5,152.33,57654.89,3,3,9139.8,0.1585,1.25,456.99,1
63,7,125.29,93628.77,1,0,10524.36,0.1124,7.0,167.05,0
61,3,52.54,45857.42,1,0,1891.44,0.0412,3.0,31.01,0
49,8,35.29,29681.84,5,2,3387.84,0.1141,2.667,69.14,0
71,8,52.79,49056.79,4,2,5067.84,0.1033,2.667,71.38,0
1,6,41.14,73756.13,2,0,2962.08,0.0402,6.0,2962.08,0
13,8,132.07,50541.73,1,1,12678.72,0.2509,4.0,975.29,0
51,8,68.52,66726.59,4,0,6577.92,0.0986,8.0,128.98,0
56,6,124.08,58059.93,4,1,8933.76,0.1539,3.0,159.53,0
62,12,94.1,56100.97,2,1,13550.4,0.2415,6.0,218.55,1
32,5,68.02,83570.06,3,0,4081.2,0.0488,5.0,127.54,0
30,4,58.9,37573.64,4,1,2827.2,0.0752,2.0,94.24,0
29,10,65.7,36268.13,4,2,7884.0,0.2174,3.333,271.86,1
49,10,46.7,38641.72,5,5,5604.0,0.145,1.667,114.37,1
45,7,198.08,61215.8,4,0,16638.72,0.2718,7.0,369.75,0
30,6,89.2,55961.77,4,0,6422.4,0.1148,6.0,214.08,0
16,1,94.17,67782.34,4,3,1130.04,0.0167,0.25,70.63,1
40,4,92.99,53631.15,5,6,4463.52,0.0832,0.571,111.59,1
19,7,130.55,51479.15,3,2,10966.2,0.213,2.333,577.17,0
18,9,62.73,60924.82,2,1,6774.84,0.1112,4.5,376.38,1
1,5,156.38,85536.25,3,1,9382.8,0.1097,2.5,9382.8,0
47,4,80.38,34078.75,5,1,3858.24,0.1132,2.0,82.09,1
66,6,78.86,38437.19,4,2,5677.92,0.1477,2.0,86.03,0
38,4,167.44,55739.75,3,2,8037.12,0.1442,1.333,211.5,0
51,6,62.25,91584.53,4,1,4482.0,0.0489,3.0,87.88,0
63,3,112.73,35710.32,2,0,4058.28,0.1136,3.0,64.42,0
4,3,92.65,54820.08,1,2,3335.4,0.0608,1.0,833.85,1
1,6,67.82,39206.76,3,5,4883.04,0.1245,1.0,4883.04,1
8,5,121.04,62167.22,4,4,7262.4,0.1168,1.0,907.8,1
29,10,50.62,17843.28,4,1,6074.4,0.3404,5.0,209.46,0
55,6,67.54,36348.91,4,3,4862.88,0.1338,1.5,88.42,0
3,10,97.76,78010.2,5,2,11731.2,0.1504,3.333,3910.4,0
32,6,184.63,55167.78,3,2,13293.36,0.241,2.0,415.42,1
10,6,176.89,41583.8,4,3,12736.08,0.3063,1.5,1273.61,1
34,4,113.52,54175.4,1,1,5448.96,0.1006,2.0,160.26,0
55,4,81.25,53860.69,1,6,3900.0,0.0724,0.571,70.91,1
32,2,31.07,65094.55,2,5,745.68,0.0115,0.333,23.3,1
50,6,139.89,17635.87,3,2,10072.08,0.5711,2.0,201.44,0
7,3,149.08,36339.99,2,3,5366.88,0.1477,0.75,766.7,1
8,7,112.79,37812.26,3,2,9474.36,0.2506,2.333,1184.3,0
65,5,82.99,66329.58,4,0,4979.4,0.0751,5.0,76.61,0
57,5,134.26,54886.41,3,0,8055.6,0.1468,5.0,141.33,0
67,7,91.42,80930.8,4,1,7679.28,0.0949,3.5,114.62,0
59,5,86.36,69924.55,3,3,5181.6,0.0741,1.25,87.82,0
54,4,41.15,48773.72,2,2,1975.2,0.0405,1.333,36.58,0
67,8,131.04,54108.17,1,2,12579.84,0.2325,2.667,187.76,0
51,5,99.43,78289.92,3,4,5965.8,0.0762,1.0,116.98,1
8,5,176.47,80797.87,1,0,10588.2,0.131,5.0,1323.52,0
34,4,70.12,53277.77,4,2,3365.76,0.0632,1.333,98.99,0
35,6,60.25,37269.33,4,0,4338.0,0.1164,6.0,123.94,0
32,6,148.4,17184.46,3,7,10684.8,0.6218,0.75,333.9,1
46,4,162.95,17180.15,3,1,7821.6,0.4553,2.0,170.03,0
16,7,94.05,63497.49,4,1,7900.2,0.1244,3.5,493.76,0
68,4,136.97,63135.82,2,4,6574.56,0.1041,0.8,96.68,0
37,6,80.25,42842.86,2,3,5778.0,0.1349,1.5,156.16,0
54,8,82.31,78426.76,4,2,7901.76,0.1008,2.667,146.33,0
14,4,113.06,51275.03,4,1,5426.88,0.1058,2.0,387.63,0
55,3,81.8,44408.85,4,1,2944.8,0.0663,1.5,53.54,0
48,7,105.31,76080.91,4,2,8846.04,0.1163,2.333,184.29,0
7,4,98.24,73694.09,1,1,4715.52,0.064,2.0,673.65,0
7,8,53.48,54071.27,3,3,5134.08,0.095,2.0,733.44,1
33,9,105.06,64315.56,3,2,11346.48,0.1764,3.0,343.83,0
23,6,54.31,66586.85,4,0,3910.32,0.0587,6.0,170.01,0
19,6,132.06,94154.8,5,2,9508.32,0.101,2.0,500.44,0
19,7,149.56,52641.63,3,2,12563.04,0.2387,2.333,661.21,0
36,11,86.76,33762.31,2,3,11452.32,0.3392,2.75,318.12,0
29,3,185.18,66258.61,3,1,6666.48,0.1006,1.5,229.88,0
60,8,161.59,56119.87,2,5,15512.64,0.2764,1.333,258.54,1
2,3,105.84,57021.73,3,2,3810.24,0.0668,1.0,1905.12,0
1,4,82.56,54437.99,4,1,3962.88,0.0728,2.0,3962.88,1
47,5,143.71,26356.16,5,2,8622.6,0.3272,1.667,183.46,0
69,7,186.76,59704.82,3,2,15687.84,0.2628,2.333,227.36,0
20,7,109.68,48535.19,2,2,9213.12,0.1898,2.333,460.66,0
11,5,200.67,49436.78,2,1,12040.2,0.2435,2.5,1094.56,0
2,10,74.21,47832.81,2,1,8905.2,0.1862,5.0,4452.6,1
67,3,126.26,54294.38,2,2,4545.36,0.0837,1.0,67.84,0
12,2,93.63,59688.1,4,3,2247.12,0.0376,0.5,187.26,1
20,5,58.85,54472.5,1,4,3531.0,0.0648,1.0,176.55,1
5,6,77.47,75786.67,5,1,5577.84,0.0736,3.0,1115.57,0
37,7,149.23,68611.02,4,1,12535.32,0.1827,3.5,338.79,0
38,5,88.95,53684.2,4,2,5337.0,0.0994,1.667,140.45,1
9,5,72.66,36363.23,3,0,4359.6,0.1199,5.0,484.4,0
53,7,165.18,65449.51,4,3,13875.12,0.212,1.75,261.79,0
44,8,147.23,49331.7,3,4,14134.08,0.2865,1.6,321.23,1
24,2,78.95,51926.59,3,2,1894.8,0.0365,0.667,78.95,0
30,10,205.28,31263.67,3,2,24633.6,0.7879,3.333,821.12,0
59,5,90.95,62444.27,5,4,5457.0,0.0874,1.0,92.49,0
14,5,109.92,101680.94,3,0,6595.2,0.0649,5.0,471.09,0
9,7,97.67,45886.84,3,2,8204.28,0.1788,2.333,911.59,1
40,5,63.27,66206.84,3,1,3796.2,0.0573,2.5,94.9,0
66,9,87.68,77425.46,2,1,9469.44,0.1223,4.5,143.48,0
25,14,92.94,45586.41,2,0,15613.92,0.3425,14.0,624.56,0
22,8,36.13,11346.6,2,2,3468.48,0.3057,2.667,157.66,1
4,7,107.43,67519.21,4,4,9024.12,0.1337,1.4,2256.03,1
26,5,138.95,56427.61,3,2,8337.0,0.1477,1.667,320.65,1
58,10,54.64,60604.02,4,2,6556.8,0.1082,3.333,113.05,0
29,6,127.83,55988.12,4,0,9203.76,0.1644,6.0,317.37,0
37,3,152.7,75876.46,2,3,5497.2,0.0724,0.75,148.57,1
70,3,16.06,53244.58,4,1,578.16,0.0109,1.5,8.26,0
18,6,88.32,94075.92,4,3,6359.04,0.0676,1.5,353.28,0
42,7,203.64,67564.89,4,6,17105.76,0.2532,1.0,407.28,0
41,9,106.24,73206.74,4,4,11473.92,0.1567,1.8,279.85,1
38,8,35.26,55118.25,4,0,3384.96,0.0614,8.0,89.08,0
34,5,49.66,60595.22,1,1,2979.6,0.0492,2.5,87.64,1
17,10,108.44,24586.56,4,1,13012.8,0.5293,5.0,765.46,0
37,4,124.82,44614.27,3,2,5991.36,0.1343,1.333,161.93,1
25,7,96.75,74397.77,4,3,8127.0,0.1092,1.75,325.08,0
27,5,105.53,53796.26,3,0,6331.8,0.1177,5.0,234.51,0
57,6,98.06,34752.19,5,5,7060.32,0.2032,1.0,123.87,0
31,7,69.43,42684.25,4,0,5832.12,0.1366,7.0,188.13,0
6,4,98.19,42538.92,4,6,4713.12,0.1108,0.571,785.52,1
40,7,42.94,54299.39,4,0,3606.96,0.0664,7.0,90.17,0
12,4,80.69,39984.31,5,2,3873.12,0.0969,1.333,322.76,0
53,9,120.94,80615.11,4,4,13061.52,0.162,1.8,246.44,0
71,10,61.42,58747.69,2,3,7370.4,0.1255,2.5,103.81,0
10,4,84.04,29880.74,5,1,4033.92,0.135,2.0,403.39,1
45,5,101.31,82650.53,4,3,6078.6,0.0735,1.25,135.08,0
17,8,198.17,54175.9,4,3,19024.32,0.3512,2.0,1119.08,1
26,10,146.8,64107.88,5,2,17616.0,0.2748,3.333,677.54,0
62,8,42.13,60521.34,3,3,4044.48,0.0668,2.0,65.23,0
46,9,219.89,62513.6,3,1,23748.12,0.3799,4.5,516.26,0
64,8,170.37,48816.84,4,1,16355.52,0.335,4.0,255.56,1
2,8,104.31,60953.73,4,2,10013.76,0.1643,2.667,5006.88,0
54,6,135.83,52313.74,3,0,9779.76,0.1869,6.0,181.11,0
65,2,65.64,61517.89,4,3,1575.36,0.0256,0.5,24.24,0
51,9,93.14,51656.91,3,1,10059.12,0.1947,4.5,197.24,0
53,2,63.75,49779.25,4,4,1530.0,0.0307,0.4,28.87,0
36,2,124.24,28683.41,4,2,2981.76,0.104,0.667,82.83,0
26,4,250.62,54906.32,2,4,12029.76,0.2191,0.8,462.68,1
29,4,78.67,59043.05,4,1,3776.16,0.064,2.0,130.21,0
21,5,88.57,88279.73,4,0,5314.2,0.0602,5.0,253.06,0
11,6,94.62,63628.59,3,1,6812.64,0.1071,3.0,619.33,0
40,9,80.7,41955.72,3,3,8715.6,0.2077,2.25,217.89,0
11,6,121.05,36735.8,1,2,8715.6,0.2373,2.0,792.33,1
36,4,151.88,59813.88,4,3,7290.24,0.1219,1.0,202.51,0
59,5,72.34,41590.94,3,2,4340.4,0.1044,1.667,73.57,1
39,5,94.08,44767.42,3,0,5644.8,0.1261,5.0,144.74,0
54,5,128.24,41533.73,3,2,7694.4,0.1853,1.667,142.49,0
55,12,61.01,49085.44,4,1,8785.44,0.179,6.0,159.74,0
24,5,51.45,68250.2,4,1,3087.0,0.0452,2.5,128.62,0
22,5,71.69,19182.92,4,2,4301.4,0.2242,1.667,195.52,0
69,4,131.18,78303.7,3,2,6296.64,0.0804,1.333,91.26,0
56,7,59.52,51325.55,4,0,4999.68,0.0974,7.0,89.28,0
33,7,74.02,43586.52,4,3,6217.68,0.1427,1.75,188.41,0
36,4,94.48,70979.68,3,1,4535.04,0.0639,2.0,125.97,0
20,7,101.72,51287.5,2,2,8544.48,0.1666,2.333,427.22,0
62,6,88.65,36156.59,5,2,6382.8,0.1765,2.0,102.95,0
26,8,95.45,27607.0,4,2,9163.2,0.3319,2.667,352.43,0
66,4,44.86,67518.01,4,1,2153.28,0.0319,2.0,32.63,0
40,4,70.32,68675.27,1,2,3375.36,0.0491,1.333,84.38,1
17,3,135.65,47565.13,4,4,4883.4,0.1027,0.6,287.26,1
1,10,67.67,78783.85,4,2,8120.4,0.1031,3.333,8120.4,0
61,9,102.99,55644.96,5,5,11122.92,0.1999,1.5,182.34,1
43,2,98.46,78904.09,5,3,2363.04,0.0299,0.5,54.95,0
42,4,129.43,37767.38,5,2,6212.64,0.1645,1.333,147.92,0
25,5,137.91,35563.67,5,2,8274.6,0.2327,1.667,330.98,0
39,5,155.02,45754.31,1,2,9301.2,0.2033,1.667,238.49,0
35,6,176.09,47807.84,5,5,12678.48,0.2652,1.0,362.24,0
3,3,59.89,75719.56,1,2,2156.04,0.0285,1.0,718.68,1
44,5,31.93,60280.18,5,0,1915.8,0.0318,5.0,43.54,0
51,10,78.83,41333.63,3,7,9459.6,0.2289,1.25,185.48,1
12,5,57.73,55200.86,4,4,3463.8,0.0627,1.0,288.65,1
19,4,63.85,47295.07,1,1,3064.8,0.0648,2.0,161.31,0
44,6,118.84,40532.35,4,5,8556.48,0.2111,1.0,194.47,0
59,3,150.91,53564.65,2,0,5432.76,0.1014,3.0,92.08,0
49,7,104.24,51564.59,3,3,8756.16,0.1698,1.75,178.7,0
61,4,69.02,41217.78,4,0,3312.96,0.0804,4.0,54.31,0
17,7,106.61,41025.45,4,4,8955.24,0.2183,1.4,526.78,1
57,3,131.45,69662.74,1,2,4732.2,0.0679,1.0,83.02,0
55,6,45.02,62621.49,3,4,3241.44,0.0518,1.2,58.94,0
47,6,81.45,71986.04,1,0,5864.4,0.0815,6.0,124.77,0
12,4,84.68,49892.47,4,1,4064.64,0.0815,2.0,338.72,0
62,8,87.51,35420.76,5,1,8400.96,0.2372,4.0,135.5,0
8,9,61.69,44669.76,4,1,6662.52,0.1492,4.5,832.82,0
21,1,107.77,73491.65,2,2,1293.24,0.0176,0.333,61.58,0
70,6,112.37,26192.72,3,4,8090.64,0.3089,1.2,115.58,0
25,4,59.29,81004.8,5,4,2845.92,0.0351,0.8,113.84,1
12,9,167.26,35017.13,2,0,18064.08,0.5159,9.0,1505.34,0
15,6,52.27,69034.18,4,2,3763.44,0.0545,2.0,250.9,0
59,4,67.84,36631.75,3,3,3256.32,0.0889,1.0,55.19,0
26,6,49.8,44286.98,4,1,3585.6,0.081,3.0,137.91,0
26,3,46.1,17965.41,5,0,1659.6,0.0924,3.0,63.83,0
47,6,99.53,88368.37,3,0,7166.16,0.0811,6.0,152.47,0
32,10,67.74,65346.95,4,0,8128.8,0.1244,10.0,254.02,0
10,8,138.29,66406.57,4,2,13275.84,0.1999,2.667,1327.58,1
16,7,62.06,46128.38,3,1,5213.04,0.113,3.5,325.82,0
71,2,68.16,38246.42,3,1,1635.84,0.0428,1.0,23.04,0
17,2,130.08,68977.55,4,1,3121.92,0.0453,1.0,183.64,0
23,9,54.93,33343.76,2,1,5932.44,0.1779,4.5,257.93,0
26,9,75.33,51991.72,4,4,8135.64,0.1565,1.8,312.91,0
7,10,165.98,32486.86,1,1,19917.6,0.6131,5.0,2845.37,0
14,10,23.27,57231.07,2,1,2792.4,0.0488,5.0,199.46,0
7,3,16.49,20495.57,3,1,593.64,0.029,1.5,84.81,0
9,8,45.07,28349.58,2,1,4326.72,0.1526,4.0,480.75,0
48,8,179.13,39523.25,3,3,17196.48,0.4351,2.0,358.26,0
59,8,113.32,66065.56,3,2,10878.72,0.1647,2.667,184.39,0
39,5,107.53,45436.28,4,2,6451.8,0.142,1.667,165.43,0
18,4,45.12,72704.77,5,3,2165.76,0.0298,1.0,120.32,0
59,7,97.75,82012.57,4,2,8211.0,0.1001,2.333,139.17,0
17,6,59.84,49444.42,2,1,4308.48,0.0871,3.0,253.44,0
14,7,139.97,28387.95,5,3,11757.48,0.4142,1.75,839.82,0
31,2,142.95,72382.24,3,0,3430.8,0.0474,2.0,110.67,0
24,4,71.2,27251.81,3,4,3417.6,0.1254,0.8,142.4,0
60,2,117.23,38741.25,3,3,2813.52,0.0726,0.5,46.89,0
45,6,110.03,24380.84,3,3,7922.16,0.3249,1.5,176.05,1
3,4,88.18,72336.97,5,1,4232.64,0.0585,2.0,1410.88,0
37,8,60.89,65297.54,3,2,5845.44,0.0895,2.667,157.98,0
43,1,75.53,84129.14,4,4,906.36,0.0108,0.2,21.08,1
40,7,137.5,47057.4,3,3,11550.0,0.2454,1.75,288.75,0
55,2,167.11,40168.45,4,1,4010.64,0.0998,1.0,72.92,0
39,6,78.8,45553.41,4,0,5673.6,0.1245,6.0,145.48,0
15,6,174.92,31010.13,3,1,12594.24,0.4061,3.0,839.62,1
4,8,113.37,80715.73,4,0,10883.52,0.1348,8.0,2720.88,0
25,5,89.57,115779.41,4,5,5374.2,0.0464,0.833,214.97,1
13,8,84.8,41971.39,4,2,8140.8,0.194,2.667,626.22,1
33,5,62.73,65668.57,4,2,3763.8,0.0573,1.667,114.05,0
16,9,121.01,52201.2,4,2,13069.08,0.2504,3.0,816.82,1
42,5,188.58,62951.33,2,0,11314.8,0.1797,5.0,269.4,0
66,8,87.89,74074.58,4,1,8437.44,0.1139,4.0,127.84,0
55,2,57.23,34424.36,3,0,1373.52,0.0399,2.0,24.97,0
42,3,130.05,46385.37,3,2,4681.8,0.1009,1.0,111.47,1
34,2,76.93,76656.8,5,5,1846.32,0.0241,0.333,54.3,1
30,6,62.31,64159.03,1,1,4486.32,0.0699,3.0,149.54,0
13,9,44.01,60891.76,3,1,4753.08,0.0781,4.5,365.62,0
13,5,119.22,64174.31,2,3,7153.2,0.1115,1.25,550.25,0
18,0,154.92,65942.05,1,1,0.0,0.0,0.0,0.0,0
32,11,50.6,75839.74,3,1,6679.2,0.0881,5.5,208.72,0
39,3,80.81,68567.93,5,1,2909.16,0.0424,1.5,74.59,1
46,11,84.24,54086.92,3,2,11119.68,0.2056,3.667,241.73,0
29,5,64.44,61354.65,4,3,3866.4,0.063,1.25,133.32,1
62,5,172.74,53786.28,2,2,10364.4,0.1927,1.667,167.17,0
62,4,42.98,41569.41,4,2,2063.04,0.0496,1.333,33.27,0
57,10,113.9,54070.71,5,3,13668.0,0.2528,2.5,239.79,0
16,5,123.92,52951.41,3,2,7435.2,0.1404,1.667,464.7,0
56,4,64.21,24434.34,5,2,3082.08,0.1261,1.333,55.04,0
10,3,56.74,68948.83,5,4,2042.64,0.0296,0.6,204.26,1
30,4,69.5,72000.34,4,1,3336.0,0.0463,2.0,111.2,0
25,7,35.23,64788.56,3,3,2959.32,0.0457,1.75,118.37,1
5,3,190.99,70924.7,4,4,6875.64,0.0969,0.6,1375.13,0
65,4,72.26,51833.64,5,2,3468.48,0.0669,1.333,53.36,0
49,10,76.99,45746.67,2,3,9238.8,0.202,2.5,188.55,1
3,4,206.29,72080.3,3,2,9901.92,0.1374,1.333,3300.64,0
45,8,38.41,35941.9,3,2,3687.36,0.1026,2.667,81.94,0
14,5,87.53,35318.07,3,3,5251.8,0.1487,1.25,375.13,1
30,3,131.65,63066.5,5,3,4739.4,0.0751,0.75,157.98,0
68,9,191.18,62573.74,3,4,20647.44,0.33,1.8,303.64,0
18,6,40.89,71741.3,3,2,2944.08,0.041,2.0,163.56,0
62,8,203.65,24212.04,4,1,19550.4,0.8075,4.0,315.33,0
37,5,80.64,53240.64,2,3,4838.4,0.0909,1.25,130.77,1
25,4,80.95,34653.4,2,1,3885.6,0.1121,2.0,155.42,0
48,8,51.12,70395.3,4,1,4907.52,0.0697,4.0,102.24,0
65,4,96.43,79007.48,3,1,4628.64,0.0586,2.0,71.21,0
53,7,204.06,64080.92,3,3,17141.04,0.2675,1.75,323.42,1
15,7,95.56,44958.74,1,2,8027.04,0.1785,2.333,535.14,1
49,6,61.11,41525.47,4,1,4399.92,0.106,3.0,89.79,0
68,5,67.33,47587.09,4,0,4039.8,0.0849,5.0,59.41,0
12,9,68.91,39859.76,5,0,7442.28,0.1867,9.0,620.19,0
59,7,178.9,52133.66,3,2,15027.6,0.2883,2.333,254.71,1
37,10,197.05,41484.42,4,1,23646.0,0.57,5.0,639.08,0
61,4,42.9,30130.32,5,2,2059.2,0.0683,1.333,33.76,0
43,2,53.13,61851.64,3,2,1275.12,0.0206,0.667,29.65,0
70,9,56.34,63240.83,5,1,6084.72,0.0962,4.5,86.92,0
39,10,70.92,85589.56,5,5,8510.4,0.0994,1.667,218.22,1
56,7,214.57,47202.51,2,0,18023.88,0.3818,7.0,321.86,0
63,3,202.18,20976.32,3,4,7278.48,0.347,0.6,115.53,1
46,6,93.05,69675.43,2,3,6699.6,0.0962,1.5,145.64,0
11,7,75.18,71699.61,2,3,6315.12,0.0881,1.75,574.1,0
62,9,30.66,75556.03,5,0,3311.28,0.0438,9.0,53.41,0
25,4,102.54,81483.84,5,5,4921.92,0.0604,0.667,196.88,1
71,8,97.24,81739.55,1,2,9335.04,0.1142,2.667,131.48,0
52,10,50.14,37418.02,4,0,6016.8,0.1608,10.0,115.71,0
4,9,112.26,82865.4,4,1,12124.08,0.1463,4.5,3031.02,0
59,8,141.11,49095.36,3,4,13546.56,0.2759,1.6,229.6,1
20,7,49.8,69371.86,4,2,4183.2,0.0603,2.333,209.16,1
63,6,72.83,59670.87,5,5,5243.76,0.0879,1.0,83.23,1
54,7,137.86,37490.52,2,5,11580.24,0.3089,1.167,214.45,1
57,8,65.54,75886.45,2,2,6291.84,0.0829,2.667,110.38,0
41,4,71.34,46790.17,1,2,3424.32,0.0732,1.333,83.52,0
3,7,73.63,88457.94,3,2,6184.92,0.0699,2.333,2061.64,0
6,15,114.65,41261.62,3,3,20637.0,0.5002,3.75,3439.5,1
5,2,150.1,36919.88,3,2,3602.4,0.0976,0.667,720.48,1
5,8,185.77,43068.33,4,0,17833.92,0.4141,8.0,3566.78,0
54,8,145.12,81913.62,4,1,13931.52,0.1701,4.0,257.99,0
47,3,92.61,26790.4,3,2,3333.96,0.1244,1.0,70.94,1
49,5,123.92,71435.2,3,2,7435.2,0.1041,1.667,151.74,0
9,4,48.03,87982.49,4,1,2305.44,0.0262,2.0,256.16,0
20,4,227.46,51951.13,5,5,10918.08,0.2102,0.667,545.9,1
61,3,62.44,47924.45,3,0,2247.84,0.0469,3.0,36.85,0
35,4,119.67,56438.13,3,2,5744.16,0.1018,1.333,164.12,0
50,6,99.63,34796.64,4,1,7173.36,0.2062,3.0,143.47,0
62,11,45.49,102668.76,1,2,6004.68,0.0585,3.667,96.85,1
17,4,62.62,67056.59,3,1,3005.76,0.0448,2.0,176.81,0
3,6,154.62,33030.71,3,3,11132.64,0.337,1.5,3710.88,1
32,4,87.01,40470.62,2,3,4176.48,0.1032,1.0,130.51,1
13,9,57.46,58224.41,2,0,6205.68,0.1066,9.0,477.36,0
68,8,80.83,31700.38,3,1,7759.68,0.2448,4.0,114.11,0
14,3,57.45,27922.22,4,1,2068.2,0.0741,1.5,147.73,0
11,13,70.97,60287.83,5,2,11071.32,0.1836,4.333,1006.48,0
56,7,40.11,73107.97,5,7,3369.24,0.0461,0.875,60.16,1
67,9,92.58,71474.0,1,2,9998.64,0.1399,3.0,149.23,0
29,4,99.18,53924.72,2,3,4760.64,0.0883,1.0,164.16,0
9,10,71.51,50058.83,4,3,8581.2,0.1714,2.5,953.47,1
67,6,154.27,55930.06,4,1,11107.44,0.1986,3.0,165.78,1
25,9,73.54,72858.29,3,0,7942.32,0.109,9.0,317.69,0
42,9,86.99,32378.18,2,1,9394.92,0.2902,4.5,223.69,0
9,9,69.42,41006.48,3,1,7497.36,0.1828,4.5,833.04,0
40,11,76.94,48200.21,3,1,10156.08,0.2107,5.5,253.9,0
25,4,126.34,50639.69,2,1,6064.32,0.1198,2.0,242.57,1
5,5,48.81,54019.52,5,5,2928.6,0.0542,0.833,585.72,1
11,2,111.76,54551.75,2,5,2682.24,0.0492,0.333,243.84,1
59,7,65.3,67132.44,5,2,5485.2,0.0817,2.333,92.97,0
38,5,49.91,23269.31,5,3,2994.6,0.1287,1.25,78.81,0
5,8,78.15,26174.08,3,3,7502.4,0.2866,2.0,1500.48,0
48,5,178.62,43026.5,4,2,10717.2,0.2491,1.667,223.28,1
18,6,119.11,70544.61,4,0,8575.92,0.1216,6.0,476.44,0
70,5,77.32,43264.9,2,2,4639.2,0.1072,1.667,66.27,0
37,2,58.56,54260.52,3,2,1405.44,0.0259,0.667,37.98,0
60,7,198.88,57306.53,4,2,16705.92,0.2915,2.333,278.43,1
48,9,105.0,60689.74,4,2,11340.0,0.1869,3.0,236.25,0
28,5,94.15,83162.35,4,3,5649.0,0.0679,1.25,201.75,0
69,5,117.51,67503.6,3,2,7050.6,0.1044,1.667,102.18,0
40,7,123.24,72954.34,3,3,10352.16,0.1419,1.75,258.8,0
45,4,73.08,52717.67,4,1,3507.84,0.0665,2.0,77.95,0
62,9,134.21,81523.07,3,2,14494.68,0.1778,3.0,233.79,0
58,1,44.52,56288.94,4,5,534.24,0.0095,0.167,9.21,1
67,9,120.77,19804.24,5,0,13043.16,0.6586,9.0,194.67,0
56,1,75.31,99250.96,4,1,903.72,0.0091,0.5,16.14,0
40,6,156.51,55831.29,4,3,11268.72,0.2018,1.5,281.72,1
40,5,72.83,64535.91,4,1,4369.8,0.0677,2.5,109.24,0
33,5,143.55,35765.03,4,2,8613.0,0.2408,1.667,261.0,1
6,10,106.53,94548.15,4,3,12783.6,0.1352,2.5,2130.6,0
19,3,269.59,40721.43,1,1,9705.24,0.2383,1.5,510.8,1
40,4,131.71,48065.56,5,2,6322.08,0.1315,1.333,158.05,0
59,6,95.12,27476.3,1,5,6848.64,0.2493,1.0,116.08,1
59,10,37.3,61562.4,3,3,4476.0,0.0727,2.5,75.86,0
48,8,151.3,49932.72,2,1,14524.8,0.2909,4.0,302.6,1
41,7,155.82,27215.3,2,3,13088.88,0.4809,1.75,319.24,1
13,4,78.76,53783.72,4,4,3780.48,0.0703,0.8,290.81,1
45,6,66.46,56706.31,3,3,4785.12,0.0844,1.5,106.34,0
53,6,136.71,50545.43,4,2,9843.12,0.1947,2.0,185.72,0
42,5,105.7,22224.02,3,4,6342.0,0.2854,1.0,151.0,1
63,4,85.65,60234.32,3,3,4111.2,0.0683,1.0,65.26,1
27,4,114.87,32182.47,3,0,5513.76,0.1713,4.0,204.21,0
38,5,78.64,71005.91,4,2,4718.4,0.0665,1.667,124.17,0
60,7,154.79,45002.6,4,1,13002.36,0.2889,3.5,216.71,0
7,5,81.64,71697.14,3,3,4898.4,0.0683,1.25,699.77,1
5,6,136.71,55253.49,3,1,9843.12,0.1781,3.0,1968.62,0
45,8,95.04,56177.11,5,1,9123.84,0.1624,4.0,202.75,0
58,5,108.94,77973.35,2,1,6536.4,0.0838,2.5,112.7,0
31,4,196.01,40325.22,4,0,9408.48,0.2333,4.0,303.5,0
23,6,73.94,35276.07,3,0,5323.68,0.1509,6.0,231.46,0
42,7,132.6,65002.63,2,2,11138.4,0.1714,2.333,265.2,0
10,7,175.31,31347.12,3,3,14726.04,0.4698,1.75,1472.6,0
32,8,130.4,40621.98,1,1,12518.4,0.3082,4.0,391.2,0
53,9,158.81,26575.09,5,3,17151.48,0.6454,2.25,323.61,0
30,1,99.6,75732.81,4,3,1195.2,0.0158,0.25,39.84,1
39,12,127.15,36951.85,4,1,18309.6,0.4955,6.0,469.48,0
31,3,143.23,43222.97,4,3,5156.28,0.1193,0.75,166.33,0
2,13,94.11,31779.06,4,1,14681.16,0.462,6.5,7340.58,0
12,7,246.33,48062.42,4,2,20691.72,0.4305,2.333,1724.31,0
39,3,62.34,52427.0,5,3,2244.24,0.0428,0.75,57.54,1
66,0,57.23,69867.59,2,1,0.0,0.0,0.0,0.0,0
13,12,185.93,31204.79,3,6,26773.92,0.858,1.714,2059.53,0
46,4,172.1,44183.41,4,5,8260.8,0.187,0.667,179.58,1
27,2,67.2,80609.29,5,2,1612.8,0.02,0.667,59.73,1
17,8,158.78,73739.08,5,1,15242.88,0.2067,4.0,896.64,0
60,3,115.38,42799.51,4,1,4153.68,0.097,1.5,69.23,1
64,4,95.59,54109.48,2,1,4588.32,0.0848,2.0,71.69,0
35,4,66.14,90424.63,2,0,3174.72,0.0351,4.0,90.71,1
70,6,89.32,33508.32,5,2,6431.04,0.1919,2.0,91.87,0
30,9,60.06,20417.3,3,1,6486.48,0.3177,4.5,216.22,0
71,10,82.43,45350.3,2,1,9891.6,0.2181,5.0,139.32,0
63,7,59.33,53499.2,5,3,4983.72,0.0932,1.75,79.11,0
28,6,47.22,40560.48,2,1,3399.84,0.0838,3.0,121.42,0
60,5,160.59,72584.38,4,4,9635.4,0.1327,1.0,160.59,0
37,10,86.76,58791.8,4,2,10411.2,0.1771,3.333,281.38,0
22,8,110.69,44120.3,2,1,10626.24,0.2408,4.0,483.01,0
68,5,72.16,45298.23,3,0,4329.6,0.0956,5.0,63.67,0
20,8,84.87,41565.74,2,2,8147.52,0.196,2.667,407.38,0
68,6,58.42,69935.21,4,0,4206.24,0.0601,6.0,61.86,0
64,8,186.71,46494.39,3,2,17924.16,0.3855,2.667,280.06,0
17,8,30.44,33527.61,1,1,2922.24,0.0872,4.0,171.9,0
12,6,139.22,72314.22,5,0,10023.84,0.1386,6.0,835.32,0
22,5,71.51,50024.76,3,1,4290.6,0.0858,2.5,195.03,0
17,10,58.3,30521.8,3,1,6996.0,0.2292,5.0,411.53,0
10,4,45.28,85830.79,2,2,2173.44,0.0253,1.333,217.34,0
65,6,99.49,65989.84,2,2,7163.28,0.1086,2.0,110.2,0
22,10,131.39,55832.48,5,0,15766.8,0.2824,10.0,716.67,0
50,6,125.33,51186.77,3,1,9023.76,0.1763,3.0,180.48,0
14,5,76.3,49953.89,3,4,4578.0,0.0916,1.0,327.0,1
64,11,84.54,49586.7,5,1,11159.28,0.225,5.5,174.36,0
47,6,57.47,50075.68,4,0,4137.84,0.0826,6.0,88.04,0
29,7,62.31,44385.3,3,2,5234.04,0.1179,2.333,180.48,0
36,4,160.36,53139.7,5,3,7697.28,0.1448,1.0,213.81,0
52,6,37.48,44029.39,4,5,2698.56,0.0613,1.0,51.9,0
7,8,35.0,59022.18,2,3,3360.0,0.0569,2.0,480.0,0
29,2,67.23,54577.41,4,2,1613.52,0.0296,0.667,55.64,1
11,5,185.68,42391.46,5,4,11140.8,0.2628,1.0,1012.8,1
33,2,94.67,53437.23,4,0,2272.08,0.0425,2.0,68.85,0
6,4,246.46,64772.91,4,0,11830.08,0.1826,4.0,1971.68,0
32,8,80.07,14384.55,5,0,7686.72,0.5344,8.0,240.21,0
51,6,127.33,65407.57,4,1,9167.76,0.1402,3.0,179.76,0
58,3,150.5,32925.16,2,0,5418.0,0.1646,3.0,93.41,0
26,6,225.95,46740.1,3,4,16268.4,0.3481,1.2,625.71,1
46,5,70.08,4065.72,4,2,4204.8,0.4205,1.667,91.41,1
29,8,94.17,65181.91,3,4,9040.32,0.1387,1.6,311.74,0
4,4,85.91,41675.75,5,4,4123.68,0.0989,0.8,1030.92,1
13,11,132.17,46003.41,3,0,17446.44,0.3792,11.0,1342.03,0
39,9,176.51,56631.88,3,1,19063.08,0.3366,4.5,488.8,0
15,7,176.27,19525.59,4,1,14806.68,0.7583,3.5,987.11,0
29,4,69.32,56117.05,4,3,3327.36,0.0593,1.0,114.74,0
29,8,62.45,66668.44,3,1,5995.2,0.0899,4.0,206.73,0
32,8,125.74,58135.62,1,3,12071.04,0.2076,2.0,377.22,1
2,3,53.98,47910.69,4,2,1943.28,0.0406,1.0,971.64,0
47,9,133.63,55740.76,5,2,14432.04,0.2589,3.0,307.06,0
22,4,94.08,53641.14,4,1,4515.84,0.0842,2.0,205.27,0
27,11,163.62,68653.64,3,0,21597.84,0.3146,11.0,799.92,0
67,7,151.85,77590.18,2,1,12755.4,0.1644,3.5,190.38,0
56,3,99.68,47605.0,4,1,3588.48,0.0754,1.5,64.08,0
21,7,51.69,59167.5,5,1,4341.96,0.0734,3.5,206.76,0
47,4,53.91,42983.51,3,7,2587.68,0.0602,0.5,55.06,1
59,4,96.34,62500.74,4,2,4624.32,0.074,1.333,78.38,0
6,7,116.28,63282.24,3,3,9767.52,0.1543,1.75,1627.92,1
19,7,80.8,51997.71,4,4,6787.2,0.1305,1.4,357.22,0
57,9,59.65,64342.31,5,2,6442.2,0.1001,3.0,113.02,0
69,10,82.12,55057.47,2,1,9854.4,0.179,5.0,142.82,0
3,4,164.2,54134.83,4,0,7881.6,0.1456,4.0,2627.2,0
1,8,82.13,39153.44,2,2,7884.48,0.2014,2.667,7884.48,0
58,4,70.48,58095.33,3,2,3383.04,0.0582,1.333,58.33,0
38,7,53.09,44597.52,4,2,4459.56,0.1,2.333,117.36,0
15,10,91.08,70654.27,1,6,10929.6,0.1547,1.429,728.64,1
34,12,152.56,39822.4,4,1,21968.64,0.5517,6.0,646.14,0
61,7,155.88,59839.12,3,4,13093.92,0.2188,1.4,214.65,0
35,5,63.73,50308.78,4,2,3823.8,0.076,1.667,109.25,0
64,7,100.05,59793.79,2,0,8404.2,0.1406,7.0,131.32,0
25,6,66.72,53950.59,4,4,4803.84,0.089,1.2,192.15,1
24,9,78.93,40275.96,4,2,8524.44,0.2117,3.0,355.18,1
12,9,90.32,74688.13,5,2,9754.56,0.1306,3.0,812.88,0
18,4,74.14,39030.96,5,3,3558.72,0.0912,1.0,197.71,1
15,4,17.33,66566.34,3,1,831.84,0.0125,2.0,55.46,1
27,4,186.96,24429.16,1,0,8974.08,0.3674,4.0,332.37,0
60,2,70.26,49799.4,4,0,1686.24,0.0339,2.0,28.1,0
46,10,67.61,82525.35,4,4,8113.2,0.0983,2.0,176.37,0
17,8,63.54,50041.93,1,3,6099.84,0.1219,2.0,358.81,1
53,2,43.47,56736.51,2,1,1043.28,0.0184,1.0,19.68,0
8,4,189.53,83846.99,4,0,9097.44,0.1085,4.0,1137.18,0
27,14,93.18,52429.19,5,0,15654.24,0.2986,14.0,579.79,0
46,2,116.94,59662.11,5,1,2806.56,0.047,1.0,61.01,0
50,3,110.06,65883.5,2,0,3962.16,0.0601,3.0,79.24,0
71,5,73.11,30165.53,3,2,4386.6,0.1454,1.667,61.78,0
3,6,93.05,46260.79,1,1,6699.6,0.1448,3.0,2233.2,0
64,10,128.86,57337.67,3,3,15463.2,0.2697,2.5,241.61,0
44,3,46.1,26274.56,4,3,1659.6,0.0632,0.75,37.72,0
53,7,78.25,79656.48,4,0,6573.0,0.0825,7.0,124.02,0
24,4,84.62,68615.46,4,3,4061.76,0.0592,1.0,169.24,0
60,6,72.03,65934.7,2,2,5186.16,0.0787,2.0,86.44,0
3,5,71.38,78759.94,3,2,4282.8,0.0544,1.667,1427.6,0
20,8,101.25,68018.43,5,2,9720.0,0.1429,2.667,486.0,0
46,6,167.88,50861.97,2,5,12087.36,0.2377,1.0,262.77,1
15,1,114.45,25619.62,3,4,1373.4,0.0536,0.2,91.56,1
25,5,62.74,42738.19,4,2,3764.4,0.0881,1.667,150.58,1
71,9,269.98,43259.73,4,5,29157.84,0.674,1.5,410.67,1
17,4,168.6,66138.19,5,1,8092.8,0.1224,2.0,476.05,0
9,1,74.5,56456.1,3,1,894.0,0.0158,0.5,99.33,1
38,4,169.75,26821.48,4,2,8148.0,0.3038,1.333,214.42,1
48,8,102.29,70572.38,3,2,9819.84,0.1391,2.667,204.58,0
60,6,52.45,78928.55,5,0,3776.4,0.0478,6.0,62.94,0
63,6,160.02,81559.7,4,2,11521.44,0.1413,2.0,182.88,0
2,6,62.75,34661.3,5,1,4518.0,0.1303,3.0,2259.0,0
11,2,116.83,60788.26,2,2,2803.92,0.0461,0.667,254.9,0
64,5,99.8,36885.34,4,0,5988.0,0.1623,5.0,93.56,0
21,10,121.28,89905.32,3,3,14553.6,0.1619,2.5,693.03,1
18,3,196.12,55550.4,1,3,7060.32,0.1271,0.75,392.24,1
64,8,92.41,48336.64,1,2,8871.36,0.1835,2.667,138.62,0
38,1,52.11,45024.13,4,0,625.32,0.0139,1.0,16.46,0
32,9,66.97,61012.63,3,1,7232.76,0.1185,4.5,226.02,0
11,10,50.26,64281.06,5,3,6031.2,0.0938,2.5,548.29,0
45,5,42.63,25334.97,4,1,2557.8,0.101,2.5,56.84,1
33,12,151.08,80143.55,1,4,21755.52,0.2715,2.4,659.26,1
41,2,98.21,63476.44,4,1,2357.04,0.0371,1.0,57.49,0
8,5,87.47,79998.84,2,1,5248.2,0.0656,2.5,656.02,1
11,3,75.31,85792.72,3,2,2711.16,0.0316,1.0,246.47,0
51,5,135.2,53210.54,4,2,8112.0,0.1525,1.667,159.06,0
41,8,178.52,70424.33,5,2,17137.92,0.2434,2.667,418.0,0
17,3,61.86,44635.9,3,3,2226.96,0.0499,0.75,131.0,1
46,11,114.76,46581.08,4,3,15148.32,0.3252,2.75,329.31,1
32,2,146.26,83302.82,4,2,3510.24,0.0421,0.667,109.7,0
54,5,104.43,41696.13,3,2,6265.8,0.1503,1.667,116.03,0
20,4,130.25,58536.44,4,1,6252.0,0.1068,2.0,312.6,0
33,3,51.78,38660.38,4,1,1864.08,0.0482,1.5,56.49,0
40,9,180.78,43199.1,1,1,19524.24,0.452,4.5,488.11,0
32,12,135.49,45907.83,5,0,19510.56,0.425,12.0,609.71,0
2,4,119.99,81048.62,4,2,5759.52,0.0711,1.333,2879.76,0
33,7,141.65,64247.83,3,3,11898.6,0.1852,1.75,360.56,0
30,2,81.09,70153.46,5,3,1946.16,0.0277,0.5,64.87,0
33,5,56.54,22477.19,2,4,3392.4,0.1509,1.0,102.8,1
26,5,50.45,55623.67,5,4,3027.0,0.0544,1.0,116.42,0
22,3,46.67,48115.1,3,1,1680.12,0.0349,1.5,76.37,0
66,6,114.03,63861.82,4,6,8210.16,0.1286,0.857,124.4,1
38,11,76.85,98317.47,3,3,10144.2,0.1032,2.75,266.95,0
46,4,175.65,11969.96,4,1,8431.2,0.7044,2.0,183.29,1
15,7,159.15,62190.08,2,2,13368.6,0.215,2.333,891.24,1
44,9,135.09,94686.14,3,4,14589.72,0.1541,1.8,331.58,1
49,6,121.83,45823.82,2,2,8771.76,0.1914,2.0,179.02,0
61,8,66.84,57697.1,5,2,6416.64,0.1112,2.667,105.19,0
67,10,72.74,67178.26,3,1,8728.8,0.1299,5.0,130.28,1
6,9,66.69,16193.97,4,0,7202.52,0.4448,9.0,1200.42,0
9,5,55.65,59791.32,4,1,3339.0,0.0558,2.5,371.0,0
6,4,88.72,40706.83,5,1,4258.56,0.1046,2.0,709.76,0
32,6,145.38,91859.84,2,5,10467.36,0.1139,1.0,327.1,0
41,6,86.1,51267.32,5,1,6199.2,0.1209,3.0,151.2,0
8,8,65.07,42213.88,2,2,6246.72,0.148,2.667,780.84,0
50,9,86.13,70239.37,4,1,9302.04,0.1324,4.5,186.04,0
62,10,100.9,63784.23,4,4,12108.0,0.1898,2.0,195.29,1
62,3,73.85,71126.82,1,2,2658.6,0.0374,1.0,42.88,1
7,8,89.05,89387.63,2,1,8548.8,0.0956,4.0,1221.26,0
4,2,267.81,44466.27,4,1,6427.44,0.1445,1.0,1606.86,1
6,4,45.95,85942.65,3,1,2205.6,0.0257,2.0,367.6,0
58,3,30.91,88794.06,5,4,1112.76,0.0125,0.6,19.19,0
22,3,97.62,41166.98,3,3,3514.32,0.0854,0.75,159.74,1
26,8,111.68,42910.41,5,0,10721.28,0.2499,8.0,412.36,0
3,6,87.01,55850.01,3,0,6264.72,0.1122,6.0,2088.24,0
41,6,58.02,51405.81,5,0,4177.44,0.0813,6.0,101.89,0
60,7,174.23,85762.99,4,1,14635.32,0.1706,3.5,243.92,0
14,7,94.98,39449.36,4,1,7978.32,0.2022,3.5,569.88,1
12,4,99.7,59403.86,2,3,4785.6,0.0806,1.0,398.8,1
12,3,134.08,41221.24,4,3,4826.88,0.1171,0.75,402.24,1
13,9,85.34,56952.43,2,2,9216.72,0.1618,3.0,708.98,0
25,2,81.72,93550.56,3,4,1961.28,0.021,0.4,78.45,1
45,5,174.23,87814.74,4,1,10453.8,0.119,2.5,232.31,0
19,5,39.16,61813.45,4,2,2349.6,0.038,1.667,123.66,1
55,7,109.0,66335.85,1,0,9156.0,0.138,7.0,166.47,0
45,4,104.64,63486.82,4,1,5022.72,0.0791,2.0,111.62,0
8,8,76.46,49527.91,4,1,7340.16,0.1482,4.0,917.52,0
53,7,87.08,89497.87,1,2,7314.72,0.0817,2.333,138.01,1
55,5,167.32,78751.91,4,2,10039.2,0.1275,1.667,182.53,0
32,8,62.65,59218.71,4,3,6014.4,0.1016,2.0,187.95,1
51,8,130.1,51096.77,1,2,12489.6,0.2444,2.667,244.89,1
44,1,93.64,52264.76,4,1,1123.68,0.0215,0.5,25.54,0
70,8,123.89,61097.95,4,2,11893.44,0.1947,2.667,169.91,0
18,9,112.54,54369.14,5,2,12154.32,0.2236,3.0,675.24,0
22,7,29.96,75511.16,2,2,2516.64,0.0333,2.333,114.39,0
37,1,61.93,63622.48,5,2,743.16,0.0117,0.333,20.09,0
56,8,66.53,37832.59,2,1,6386.88,0.1688,4.0,114.05,1
59,8,57.75,34360.93,3,0,5544.0,0.1613,8.0,93.97,0
3,7,70.63,72834.39,2,0,5932.92,0.0815,7.0,1977.64,1
28,4,99.59,34185.94,5,2,4780.32,0.1398,1.333,170.73,0
35,8,139.82,48725.02,4,3,13422.72,0.2755,2.0,383.51,1
61,5,49.03,47086.75,1,2,2941.8,0.0625,1.667,48.23,0
54,5,94.27,32707.11,1,2,5656.2,0.1729,1.667,104.74,0
63,5,106.4,60583.75,3,5,6384.0,0.1054,0.833,101.33,1
7,8,151.87,52771.32,2,2,14579.52,0.2763,2.667,2082.79,1
49,11,183.27,43519.32,4,2,24191.64,0.5559,3.667,493.71,0
31,7,85.09,92533.37,4,2,7147.56,0.0772,2.333,230.57,0
58,6,58.38,11243.21,5,3,4203.36,0.3739,1.5,72.47,0
61,3,109.63,39459.43,5,2,3946.68,0.1,1.0,64.7,0
24,9,59.73,44618.54,4,2,6450.84,0.1446,3.0,268.79,1
20,6,105.54,30549.21,1,4,7598.88,0.2487,1.2,379.94,1
37,5,65.01,95642.34,3,2,3900.6,0.0408,1.667,105.42,1
4,5,28.37,95452.42,4,1,1702.2,0.0178,2.5,425.55,0
20,6,117.54,42679.73,4,3,8462.88,0.1983,1.5,423.14,1
60,5,67.17,77837.26,4,1,4030.2,0.0518,2.5,67.17,0
24,6,175.55,65737.75,5,2,12639.6,0.1923,2.0,526.65,0
50,6,93.82,84810.07,5,1,6755.04,0.0796,3.0,135.1,0
49,5,41.26,53070.32,2,2,2475.6,0.0466,1.667,50.52,1
51,4,141.68,62768.95,3,1,6800.64,0.1083,2.0,133.35,0
36,4,85.69,80245.83,5,3,4113.12,0.0513,1.0,114.25,1
66,5,121.58,77492.71,4,2,7294.8,0.0941,1.667,110.53,0
34,7,142.89,57729.43,3,2,12002.76,0.2079,2.333,353.02,1
36,9,96.12,38033.64,4,2,10380.96,0.2729,3.0,288.36,1
6,7,47.45,41259.58,4,1,3985.8,0.0966,3.5,664.3,0
39,4,100.22,21714.68,3,3,4810.56,0.2215,1.0,123.35,0
42,1,164.9,69170.82,2,2,1978.8,0.0286,0.333,47.11,1
58,4,89.28,58818.95,5,2,4285.44,0.0729,1.333,73.89,0
12,6,112.65,60206.75,4,2,8110.8,0.1347,2.0,675.9,1
3,4,62.91,54547.01,2,0,3019.68,0.0554,4.0,1006.56,1
18,6,43.47,34419.7,4,2,3129.84,0.0909,2.0,173.88,0
40,10,86.53,60627.11,4,3,10383.6,0.1713,2.5,259.59,1
21,6,94.84,65894.52,5,2,6828.48,0.1036,2.0,325.17,0
15,5,150.48,39372.85,2,4,9028.8,0.2293,1.0,601.92,1
26,3,97.64,54489.73,5,2,3515.04,0.0645,1.0,135.19,0
8,11,145.22,43329.72,2,2,19169.04,0.4424,3.667,2396.13,1
42,3,75.89,51120.25,4,4,2732.04,0.0534,0.6,65.05,0
44,7,46.8,34562.81,4,1,3931.2,0.1137,3.5,89.35,0
14,7,115.54,50172.44,3,2,9705.36,0.1934,2.333,693.24,0
2,5,172.79,84292.95,3,1,10367.4,0.123,2.5,5183.7,1
37,7,70.99,45965.56,5,2,5963.16,0.1297,2.333,161.17,0
69,5,123.24,42743.48,4,3,7394.4,0.173,1.25,107.17,0
38,6,125.3,43873.88,4,2,9021.6,0.2056,2.0,237.41,0
41,8,43.71,51576.12,2,2,4196.16,0.0814,2.667,102.35,0
62,6,84.8,87261.78,1,2,6105.6,0.07,2.0,98.48,0
60,2,127.81,80302.58,2,2,3067.44,0.0382,0.667,51.12,1
14,10,109.46,52418.44,5,2,13135.2,0.2506,3.333,938.23,1
2,2,127.85,43429.25,4,0,3068.4,0.0707,2.0,1534.2,1
70,4,118.36,23302.36,5,4,5681.28,0.2438,0.8,81.16,1
17,9,89.81,38596.29,1,0,9699.48,0.2513,9.0,570.56,0
28,9,94.73,19458.25,4,2,10230.84,0.5258,3.0,365.39,0
66,7,148.65,68322.11,1,1,12486.6,0.1828,3.5,189.19,0
35,6,100.14,79040.01,4,0,7210.08,0.0912,6.0,206.0,0
5,4,66.54,48245.84,3,1,3193.92,0.0662,2.0,638.78,0
65,4,85.43,61910.1,2,3,4100.64,0.0662,1.0,63.09,1
40,11,112.47,35398.22,4,1,14846.04,0.4194,5.5,371.15,0
56,8,144.46,20082.05,3,1,13868.16,0.6906,4.0,247.65,0
36,5,43.22,56002.14,4,4,2593.2,0.0463,1.0,72.03,0
45,2,83.34,61900.16,4,1,2000.16,0.0323,1.0,44.45,0
23,4,139.61,85671.53,4,3,6701.28,0.0782,1.0,291.36,1
47,5,62.54,92137.3,5,3,3752.4,0.0407,1.25,79.84,0
31,9,62.68,49985.77,3,3,6769.44,0.1354,2.25,218.37,0
11,9,94.21,71418.07,3,3,10174.68,0.1425,2.25,924.97,1
10,5,41.55,60671.62,4,1,2493.0,0.0411,2.5,249.3,1
67,8,193.62,55040.88,4,1,18587.52,0.3377,4.0,277.43,0
14,5,111.84,54325.41,1,0,6710.4,0.1235,5.0,479.31,0
10,8,123.04,52390.91,5,1,11811.84,0.2255,4.0,1181.18,1
1,1,153.23,53165.36,1,1,1838.76,0.0346,0.5,1838.76,1
5,5,242.23,84819.05,2,1,14533.8,0.1714,2.5,2906.76,0
20,6,89.96,58862.41,2,4,6477.12,0.11,1.2,323.86,0
8,4,42.93,86353.51,1,0,2060.64,0.0239,4.0,257.58,0
43,6,107.4,38830.43,1,2,7732.8,0.1991,2.0,179.83,0
1,8,64.4,4010.82,1,6,6182.4,0.6182,1.143,6182.4,1
57,6,52.92,46667.9,3,3,3810.24,0.0816,1.5,66.85,1
64,8,74.24,39951.11,3,0,7127.04,0.1784,8.0,111.36,0
28,8,89.17,28115.59,2,2,8560.32,0.3045,2.667,305.73,1
37,10,154.46,78411.7,4,2,18535.2,0.2364,3.333,500.95,1
47,6,195.93,30944.95,2,2,14106.96,0.4559,2.0,300.15,0
37,7,56.32,65490.15,1,3,4730.88,0.0722,1.75,127.86,1
49,6,76.76,91255.5,3,0,5526.72,0.0606,6.0,112.79,0
44,11,120.56,34301.54,3,5,15913.92,0.4639,1.833,361.68,1
56,8,128.05,50843.13,3,5,12292.8,0.2418,1.333,219.51,0
28,9,59.45,79348.75,3,0,6420.6,0.0809,9.0,229.31,0
6,4,139.72,47522.81,4,2,6706.56,0.1411,1.333,1117.76,1
61,6,66.39,60983.01,4,1,4780.08,0.0784,3.0,78.36,0
20,10,58.3,66507.29,5,5,6996.0,0.1052,1.667,349.8,1
2,3,118.26,58124.71,4,5,4257.36,0.0732,0.5,2128.68,1
37,8,156.34,46930.36,3,3,15008.64,0.3198,2.0,405.64,0
20,3,107.39,40944.15,2,4,3866.04,0.0944,0.6,193.3,1
26,4,99.35,35293.96,4,1,4768.8,0.1351,2.0,183.42,0
29,4,89.97,65737.25,2,0,4318.56,0.0657,4.0,148.92,0
1,4,96.83,43158.05,4,3,4647.84,0.1077,1.0,4647.84,1
35,6,84.33,76527.57,3,4,6071.76,0.0793,1.2,173.48,1
70,4,119.83,83605.01,4,1,5751.84,0.0688,2.0,82.17,0
59,8,96.86,34177.38,5,2,9298.56,0.2721,2.667,157.6,0
69,11,235.39,68287.47,5,3,31071.48,0.455,2.75,450.31,0
33,2,109.38,92061.74,2,0,2625.12,0.0285,2.0,79.55,1
51,4,84.4,39604.0,3,1,4051.2,0.1023,2.0,79.44,0
12,6,56.72,76611.56,4,1,4083.84,0.0533,3.0,340.32,0
20,12,60.25,65114.75,4,1,8676.0,0.1332,6.0,433.8,0
53,3,111.45,72288.72,3,3,4012.2,0.0555,0.75,75.7,0
43,7,72.4,41384.73,4,4,6081.6,0.147,1.4,141.43,0
50,11,101.64,89293.33,4,2,13416.48,0.1503,3.667,268.33,0
29,7,160.4,42945.93,5,1,13473.6,0.3137,3.5,464.61,0
57,6,51.19,66531.6,4,4,3685.68,0.0554,1.2,64.66,0
39,4,86.98,53861.76,3,5,4175.04,0.0775,0.667,107.05,0
56,4,26.15,64659.76,4,2,1255.2,0.0194,1.333,22.41,0
43,8,43.84,37298.44,4,1,4208.64,0.1128,4.0,97.88,0
50,5,103.43,32907.45,4,2,6205.8,0.1886,1.667,124.12,1
23,4,46.27,60166.56,4,1,2220.96,0.0369,2.0,96.56,0
44,2,50.58,48389.45,5,1,1213.92,0.0251,1.0,27.59,0
38,5,185.88,47776.77,4,0,11152.8,0.2334,5.0,293.49,0
23,5,68.99,64806.73,3,2,4139.4,0.0639,1.667,179.97,0
45,5,58.23,28095.81,4,2,3493.8,0.1244,1.667,77.64,0
52,7,159.91,76723.89,4,1,13432.44,0.1751,3.5,258.32,0
50,0,58.01,57151.23,1,2,0.0,0.0,0.0,0.0,0
8,3,108.57,68730.92,3,2,3908.52,0.0569,1.0,488.56,1
1,6,109.99,64492.27,4,4,7919.28,0.1228,1.2,7919.28,1
8,3,135.62,65484.96,4,2,4882.32,0.0746,1.0,610.29,0
29,9,53.52,33427.77,4,6,5780.16,0.1729,1.286,199.32,0
5,3,62.4,75964.39,3,2,2246.4,0.0296,1.0,449.28,0
47,4,69.38,59912.45,5,0,3330.24,0.0556,4.0,70.86,0
34,11,63.77,46450.11,3,1,8417.64,0.1812,5.5,247.58,0
65,1,131.59,52744.78,2,3,1579.08,0.0299,0.25,24.29,1
55,10,110.07,61518.45,3,0,13208.4,0.2147,10.0,240.15,0
43,4,117.68,58244.12,4,0,5648.64,0.097,4.0,131.36,0
30,10,42.67,65750.36,3,2,5120.4,0.0779,3.333,170.68,0
17,2,102.25,84761.02,3,1,2454.0,0.029,1.0,144.35,1
26,5,171.4,36340.54,4,2,10284.0,0.283,1.667,395.54,0
8,5,221.52,68504.94,3,3,13291.2,0.194,1.25,1661.4,1
47,8,74.86,53068.62,4,2,7186.56,0.1354,2.667,152.91,0
46,4,136.91,75565.81,4,0,6571.68,0.087,4.0,142.86,0
68,2,63.17,84261.66,4,2,1516.08,0.018,0.667,22.3,0
33,6,43.52,58530.21,3,2,3133.44,0.0535,2.0,94.95,0
1,7,44.89,66174.54,4,1,3770.76,0.057,3.5,3770.76,0
19,6,161.0,76889.17,3,0,11592.0,0.1508,6.0,610.11,0
31,7,77.47,72968.3,5,1,6507.48,0.0892,3.5,209.92,0
14,3,70.44,77621.87,5,1,2535.84,0.0327,1.5,181.13,0
53,5,129.52,49634.49,3,0,7771.2,0.1566,5.0,146.63,0
48,10,49.67,45696.11,2,1,5960.4,0.1304,5.0,124.18,0
69,5,115.31,34548.86,2,4,6918.6,0.2003,1.0,100.27,1
62,8,84.28,51483.86,3,4,8090.88,0.1572,1.6,130.5,0
66,6,211.83,53484.98,4,2,15251.76,0.2852,2.0,231.09,0
64,8,76.46,52415.17,4,5,7340.16,0.14,1.333,114.69,0
70,6,87.27,63860.11,3,1,6283.44,0.0984,3.0,89.76,0
63,5,44.57,64328.65,4,3,2674.2,0.0416,1.25,42.45,0
33,5,226.75,53822.29,5,3,13605.0,0.2528,1.25,412.27,0
41,5,78.92,61241.88,4,3,4735.2,0.0773,1.25,115.49,1
48,5,189.81,69881.4,2,1,11388.6,0.163,2.5,237.26,0
13,8,37.95,40621.85,4,0,3643.2,0.0897,8.0,280.25,0
31,7,105.77,71797.97,4,3,8884.68,0.1237,1.75,286.6,0
68,4,215.68,43995.42,5,2,10352.64,0.2353,1.333,152.24,0
4,3,69.08,80903.45,3,2,2486.88,0.0307,1.0,621.72,1
19,3,102.56,57992.39,3,2,3692.16,0.0637,1.0,194.32,1
70,7,163.45,56153.83,4,3,13729.8,0.2445,1.75,196.14,0
13,2,79.43,22785.38,4,0,1906.32,0.0837,2.0,146.64,0
23,9,43.82,66842.0,4,2,4732.56,0.0708,3.0,205.76,0
1,6,73.99,56711.03,1,2,5327.28,0.0939,2.0,5327.28,0
54,9,106.42,58134.66,4,3,11493.36,0.1977,2.25,212.84,0
71,10,105.87,53324.58,2,2,12704.4,0.2382,3.333,178.94,1
15,4,126.34,66253.52,3,3,6064.32,0.0915,1.0,404.29,1
65,5,61.84,69858.49,4,0,3710.4,0.0531,5.0,57.08,0
71,7,207.92,63712.42,2,2,17465.28,0.2741,2.333,245.99,0
15,4,62.85,78707.22,3,3,3016.8,0.0383,1.0,201.12,0
21,5,96.82,42052.64,4,3,5809.2,0.1381,1.25,276.63,1
19,7,108.18,44328.71,4,1,9087.12,0.205,3.5,478.27,0
60,7,103.5,62320.67,2,2,8694.0,0.1395,2.333,144.9,1
33,5,53.7,66912.01,4,1,3222.0,0.0482,2.5,97.64,0
49,10,165.22,64300.52,2,2,19826.4,0.3083,3.333,404.62,0
35,6,72.32,31824.47,3,2,5207.04,0.1636,2.0,148.77,1
44,7,112.51,33354.78,3,1,9450.84,0.2833,3.5,214.79,0
11,6,102.12,51673.84,2,0,7352.64,0.1423,6.0,668.42,0
66,7,101.93,22793.1,5,1,8562.12,0.3756,3.5,129.73,0
46,8,41.91,59696.15,2,3,4023.36,0.0674,2.0,87.46,0
9,5,69.44,53652.96,4,2,4166.4,0.0777,1.667,462.93,0
3,5,112.02,38539.68,4,3,6721.2,0.1744,1.25,2240.4,0
26,5,43.11,45068.63,5,0,2586.6,0.0574,5.0,99.48,0
48,9,84.11,56975.09,3,3,9083.88,0.1594,2.25,189.25,0
66,3,98.01,28116.57,5,2,3528.36,0.1255,1.0,53.46,0
70,2,123.54,44138.8,5,2,2964.96,0.0672,0.667,42.36,0
28,7,97.08,50258.99,2,0,8154.72,0.1623,7.0,291.24,0
26,3,85.4,49603.58,3,0,3074.4,0.062,3.0,118.25,1
25,3,104.31,50120.9,1,1,3755.16,0.0749,1.5,150.21,0
12,5,82.98,79462.97,4,2,4978.8,0.0627,1.667,414.9,1
5,5,60.77,72073.98,4,3,3646.2,0.0506,1.25,729.24,1
48,2,73.61,43423.56,2,2,1766.64,0.0407,0.667,36.8,0
37,7,111.38,36330.5,4,0,9355.92,0.2575,7.0,252.86,0
44,5,85.75,47559.69,1,2,5145.0,0.1082,1.667,116.93,1
15,12,256.54,77088.88,4,1,36941.76,0.4792,6.0,2462.78,0
43,5,52.54,16708.43,1,3,3152.4,0.1887,1.25,73.31,1
48,6,109.81,56504.56,4,1,7906.32,0.1399,3.0,164.72,1
70,10,117.69,49455.03,1,4,14122.8,0.2856,2.0,201.75,0
46,1,96.01,76570.64,3,3,1152.12,0.015,0.25,25.05,0
43,11,80.49,72660.66,4,2,10624.68,0.1462,3.667,247.09,0
21,6,92.38,28573.51,3,1,6651.36,0.2328,3.0,316.73,0
23,5,92.66,76539.75,4,0,5559.6,0.0726,5.0,241.72,0
47,7,179.86,12992.25,5,6,15108.24,1.1629,1.0,321.45,1
15,7,36.16,66020.99,1,5,3037.44,0.046,1.167,202.5,0
25,5,60.06,67636.91,4,1,3603.6,0.0533,2.5,144.14,0
36,8,104.63,85333.01,1,2,10044.48,0.1177,2.667,279.01,0
51,6,146.51,59092.21,2,3,10548.72,0.1785,1.5,206.84,1
15,5,61.9,43040.24,2,3,3714.0,0.0863,1.25,247.6,1
68,7,54.29,36849.46,5,8,4560.36,0.1238,0.778,67.06,0
21,3,87.32,81284.11,2,2,3143.52,0.0387,1.0,149.69,1
13,6,60.27,85548.01,5,3,4339.44,0.0507,1.5,333.8,0
19,5,87.62,46927.45,5,2,5257.2,0.112,1.667,276.69,0
34,14,60.84,55399.42,3,1,10221.12,0.1845,7.0,300.62,0
68,5,124.44,79539.5,4,2,7466.4,0.0939,1.667,109.8,0
52,13,61.67,68843.23,4,1,9620.52,0.1397,6.5,185.01,0
27,6,39.62,51637.98,3,0,2852.64,0.0552,6.0,105.65,0
29,2,124.64,41326.14,2,2,2991.36,0.0724,0.667,103.15,0
28,4,93.27,39856.71,3,4,4476.96,0.1123,0.8,159.89,1
35,4,76.46,72160.39,4,1,3670.08,0.0509,2.0,104.86,0
8,5,77.49,48393.95,4,1,4649.4,0.0961,2.5,581.17,1
16,3,98.11,47680.86,3,1,3531.96,0.0741,1.5,220.75,1
36,10,54.36,66014.27,2,6,6523.2,0.0988,1.429,181.2,1
30,5,46.28,56450.83,5,1,2776.8,0.0492,2.5,92.56,0
18,4,61.59,62009.92,1,1,2956.32,0.0477,2.0,164.24,1
2,6,80.62,49167.4,4,1,5804.64,0.1181,3.0,2902.32,1
49,8,59.23,48419.0,1,3,5686.08,0.1174,2.0,116.04,1
4,6,179.38,41780.08,5,3,12915.36,0.3091,1.5,3228.84,1
7,7,61.61,67761.43,5,5,5175.24,0.0764,1.167,739.32,1
39,3,94.91,56530.96,3,2,3416.76,0.0604,1.0,87.61,1
13,10,114.53,60276.8,1,1,13743.6,0.228,5.0,1057.2,0
31,7,154.81,36644.74,4,2,13004.04,0.3549,2.333,419.49,0
71,10,192.0,67522.73,3,5,23040.0,0.3412,1.667,324.51,1
63,3,225.18,60617.43,3,5,8106.48,0.1337,0.5,128.67,0
56,3,151.46,68145.47,4,3,5452.56,0.08,0.75,97.37,0
42,5,141.06,61212.51,2,2,8463.6,0.1383,1.667,201.51,0
61,8,56.11,60148.29,3,6,5386.56,0.0896,1.143,88.3,1
42,4,117.54,22237.31,4,3,5641.92,0.2537,1.0,134.33,1
56,11,82.67,75479.55,4,1,10912.44,0.1446,5.5,194.86,0
36,4,83.07,31231.76,3,3,3987.36,0.1277,1.0,110.76,0
68,11,76.68,73667.36,4,1,10121.76,0.1374,5.5,148.85,0
7,2,55.51,53689.48,4,3,1332.24,0.0248,0.5,190.32,1
54,4,70.99,26079.07,4,1,3407.52,0.1307,2.0,63.1,0
1,3,60.05,53449.61,3,4,2161.8,0.0404,0.6,2161.8,1
44,2,36.17,27995.79,1,1,868.08,0.031,1.0,19.73,1
45,8,165.38,74943.69,4,0,15876.48,0.2118,8.0,352.81,0
47,3,94.04,45716.73,4,3,3385.44,0.0741,0.75,72.03,0
13,11,95.78,36258.67,4,1,12642.96,0.3487,5.5,972.54,0
22,4,90.14,66895.27,1,0,4326.72,0.0647,4.0,196.67,1
21,6,146.13,54237.7,4,3,10521.36,0.194,1.5,501.02,0
9,3,99.78,64363.01,4,1,3592.08,0.0558,1.5,399.12,0
26,7,167.77,52949.86,3,1,14092.68,0.2662,3.5,542.03,1
9,3,122.81,75819.76,2,2,4421.16,0.0583,1.0,491.24,0
15,3,65.3,47772.76,4,2,2350.8,0.0492,1.0,156.72,1
10,5,156.44,26634.01,4,3,9386.4,0.3524,1.25,938.64,0
42,13,107.84,35302.53,1,1,16823.04,0.4765,6.5,400.55,0
24,6,89.2,62833.39,4,1,6422.4,0.1022,3.0,267.6,0
49,5,138.6,43159.66,4,3,8316.0,0.1927,1.25,169.71,0
26,7,94.51,78100.95,4,3,7938.84,0.1016,1.75,305.34,1
37,13,127.55,33927.77,4,1,19897.8,0.5865,6.5,537.78,0
68,6,51.33,73327.97,4,2,3695.76,0.0504,2.0,54.35,0
50,6,95.46,47205.11,2,2,6873.12,0.1456,2.0,137.46,1
24,2,67.39,78535.61,3,0,1617.36,0.0206,2.0,67.39,0
19,7,221.59,64101.36,4,1,18613.56,0.2904,3.5,979.66,0
60,3,162.6,58465.09,1,2,5853.6,0.1001,1.0,97.56,0
39,5,102.49,66959.2,4,2,6149.4,0.0918,1.667,157.68,0
18,9,155.92,77079.77,4,1,16839.36,0.2185,4.5,935.52,0
19,5,67.97,54085.54,3,3,4078.2,0.0754,1.25,214.64,0
36,6,75.14,21214.04,4,4,5410.08,0.255,1.2,150.28,1
55,3,32.51,76600.82,4,0,1170.36,0.0153,3.0,21.28,0
69,6,124.64,50117.59,3,3,8974.08,0.1791,1.5,130.06,0
47,7,30.65,101078.19,3,2,2574.6,0.0255,2.333,54.78,0
49,5,71.56,44151.55,5,2,4293.6,0.0972,1.667,87.62,0
33,5,50.54,48145.67,3,4,3032.4,0.063,1.0,91.89,0
21,4,144.54,68400.02,4,0,6937.92,0.1014,4.0,330.38,0
22,12,211.73,68708.49,1,3,30489.12,0.4437,3.0,1385.87,0
48,5,133.52,62607.23,1,1,8011.2,0.128,2.5,166.9,0
37,3,123.15,44921.33,2,1,4433.4,0.0987,1.5,119.82,1
15,7,103.02,34116.51,4,2,8653.68,0.2537,2.333,576.91,1
35,0,98.98,42812.46,3,2,0.0,0.0,0.0,0.0,1
71,3,62.3,27700.16,2,1,2242.8,0.081,1.5,31.59,0
32,12,42.31,92142.02,4,0,6092.64,0.0661,12.0,190.4,0
11,4,98.04,36556.78,2,3,4705.92,0.1287,1.0,427.81,1
10,8,108.47,49707.03,3,5,10413.12,0.2095,1.333,1041.31,1
57,7,108.17,67464.09,3,0,9086.28,0.1347,7.0,159.41,0
25,6,115.2,55093.99,3,1,8294.4,0.1505,3.0,331.78,0
2,8,128.82,44355.95,4,0,12366.72,0.2788,8.0,6183.36,0
64,7,96.13,52325.39,3,1,8074.92,0.1543,3.5,126.17,0
35,5,59.38,44045.39,3,3,3562.8,0.0809,1.25,101.79,0
7,5,113.46,50419.78,5,0,6807.6,0.135,5.0,972.51,0
18,4,125.24,62029.84,5,1,6011.52,0.0969,2.0,333.97,0
67,7,81.26,36339.63,4,3,6825.84,0.1878,1.75,101.88,0
42,3,125.43,74447.93,5,1,4515.48,0.0607,1.5,107.51,0
39,6,98.52,56308.36,4,1,7093.44,0.126,3.0,181.88,0
41,3,55.23,44497.22,4,3,1988.28,0.0447,0.75,48.49,1
24,6,244.15,49318.59,4,1,17578.8,0.3564,3.0,732.45,0
60,6,79.37,76014.11,4,2,5714.64,0.0752,2.0,95.24,0
46,4,57.26,69731.36,4,3,2748.48,0.0394,1.0,59.75,0
19,4,67.06,59319.49,2,3,3218.88,0.0543,1.0,169.41,1
68,13,26.33,44191.54,4,2,4107.48,0.0929,4.333,60.4,0
42,9,82.39,65228.39,4,4,8898.12,0.1364,1.8,211.86,1
32,9,166.33,55254.87,4,1,17963.64,0.3251,4.5,561.36,0
39,2,102.29,86422.04,2,0,2454.96,0.0284,2.0,62.95,0
36,6,64.01,54324.19,3,3,4608.72,0.0848,1.5,128.02,1
36,2,91.46,85308.72,3,2,2195.04,0.0257,0.667,60.97,1
3,3,32.61,58506.96,4,4,1173.96,0.0201,0.6,391.32,0
8,10,91.84,36336.79,2,1,11020.8,0.3033,5.0,1377.6,1
70,7,80.35,114340.92,3,1,6749.4,0.059,3.5,96.42,0
41,3,140.49,28954.75,2,2,5057.64,0.1747,1.0,123.36,0
68,7,109.05,19418.97,3,1,9160.2,0.4717,3.5,134.71,0
13,6,58.58,17654.76,4,3,4217.76,0.2389,1.5,324.44,1
49,9,138.74,104314.28,5,2,14983.92,0.1436,3.0,305.79,0
60,7,159.29,93231.83,1,4,13380.36,0.1435,1.4,223.01,0
2,5,110.62,57592.21,4,1,6637.2,0.1152,2.5,3318.6,1
60,9,84.19,62814.56,1,1,9092.52,0.1448,4.5,151.54,0
5,3,72.64,59516.59,2,3,2615.04,0.0439,0.75,523.01,0
44,3,183.08,23128.19,4,3,6590.88,0.285,0.75,149.79,0
27,6,106.73,81258.9,4,0,7684.56,0.0946,6.0,284.61,0
32,8,97.49,78901.48,4,2,9359.04,0.1186,2.667,292.47,0
21,5,52.48,32840.32,3,3,3148.8,0.0959,1.25,149.94,0
8,6,61.38,60862.3,5,2,4419.36,0.0726,2.0,552.42,0
50,9,45.49,53678.54,2,0,4912.92,0.0915,9.0,98.26,0
67,6,83.64,51199.14,3,2,6022.08,0.1176,2.0,89.88,0
44,6,71.9,42776.25,2,2,5176.8,0.121,2.0,117.65,1
58,5,99.62,52978.18,4,4,5977.2,0.1128,1.0,103.06,1
3,8,150.22,45516.77,2,1,14421.12,0.3168,4.0,4807.04,1
70,5,125.75,74156.34,2,2,7545.0,0.1017,1.667,107.79,0
2,4,136.81,54502.46,4,1,6566.88,0.1205,2.0,3283.44,0
44,10,148.55,42534.19,1,6,17826.0,0.4191,1.429,405.14,1
2,4,63.79,54546.17,1,0,3061.92,0.0561,4.0,1530.96,0
35,7,77.43,52456.62,2,2,6504.12,0.124,2.333,185.83,0
30,11,72.49,51699.07,1,3,9568.68,0.1851,2.75,318.96,0
8,8,128.65,67187.6,4,1,12350.4,0.1838,4.0,1543.8,0
22,10,51.64,50020.46,4,3,6196.8,0.1239,2.5,281.67,0
44,7,169.86,44720.57,2,1,14268.24,0.3191,3.5,324.28,0
58,7,76.07,30517.92,3,1,6389.88,0.2094,3.5,110.17,1
36,12,53.42,54845.29,4,2,7692.48,0.1403,4.0,213.68,0
69,11,77.56,77416.36,4,1,10237.92,0.1322,5.5,148.38,0
31,5,79.98,52771.43,4,3,4798.8,0.0909,1.25,154.8,0
47,6,85.28,45967.62,3,2,6140.16,0.1336,2.0,130.64,0
55,5,87.06,41369.75,3,2,5223.6,0.1263,1.667,94.97,0
62,7,147.94,23970.98,5,0,12426.96,0.5184,7.0,200.43,0
30,6,107.58,76176.14,4,2,7745.76,0.1017,2.0,258.19,0
55,4,53.09,63724.63,2,4,2548.32,0.04,0.8,46.33,1
16,7,79.23,68853.35,3,2,6655.32,0.0967,2.333,415.96,0
12,4,71.47,59519.25,3,2,3430.56,0.0576,1.333,285.88,1
17,6,95.64,40503.56,2,2,6886.08,0.17,2.0,405.06,1
16,9,89.58,49296.82,5,3,9674.64,0.1963,2.25,604.66,0
12,3,193.13,45990.29,5,4,6952.68,0.1512,0.6,579.39,1
8,8,136.54,47496.52,2,4,13107.84,0.276,1.6,1638.48,1
3,6,120.4,47606.88,3,1,8668.8,0.1821,3.0,2889.6,0
16,7,31.13,74885.97,4,2,2614.92,0.0349,2.333,163.43,1
30,5,134.13,91390.87,2,6,8047.8,0.0881,0.714,268.26,1
23,6,37.14,39299.07,4,6,2674.08,0.068,0.857,116.26,1
5,4,74.58,51954.22,4,2,3579.84,0.0689,1.333,715.97,1
65,10,79.06,58902.08,4,4,9487.2,0.1611,2.0,145.96,0
30,8,145.43,37351.85,4,2,13961.28,0.3738,2.667,465.38,0
21,6,57.52,55950.62,4,0,4141.44,0.074,6.0,197.21,0
70,8,85.38,61329.48,5,0,8196.48,0.1336,8.0,117.09,0
22,4,47.36,53595.8,3,5,2273.28,0.0424,0.667,103.33,0
32,2,116.24,66286.52,5,1,2789.76,0.0421,1.0,87.18,0
33,4,74.94,55005.92,1,2,3597.12,0.0654,1.333,109.0,1
16,11,100.22,3415.06,3,0,13229.04,1.3229,11.0,826.82,0
38,6,21.17,37710.94,1,1,1524.24,0.0404,3.0,40.11,0
14,10,54.34,80783.33,4,2,6520.8,0.0807,3.333,465.77,1
36,8,101.6,64365.08,2,0,9753.6,0.1515,8.0,270.93,1
23,5,123.61,3678.98,5,4,7416.6,0.7417,1.0,322.46,1
66,6,170.85,27817.12,4,1,12301.2,0.4422,3.0,186.38,0
2,4,159.78,67992.76,1,2,7669.44,0.1128,1.333,3834.72,1
65,8,69.9,44629.22,4,1,6710.4,0.1504,4.0,103.24,0
67,3,99.46,6359.64,5,2,3580.56,0.3581,1.0,53.44,0
52,1,129.7,74069.03,4,2,1556.4,0.021,0.333,29.93,0
62,3,106.66,68029.68,1,3,3839.76,0.0564,0.75,61.93,1
23,5,79.41,40072.38,5,1,4764.6,0.1189,2.5,207.16,0
26,5,101.43,77410.46,4,2,6085.8,0.0786,1.667,234.07,1
68,9,165.27,40754.61,3,0,17849.16,0.438,9.0,262.49,0
55,5,91.41,43787.71,3,1,5484.6,0.1253,2.5,99.72,0
6,7,117.3,46257.48,3,0,9853.2,0.213,7.0,1642.2,0
35,5,104.43,20881.49,5,4,6265.8,0.3001,1.0,179.02,1
22,5,68.12,62428.74,3,2,4087.2,0.0655,1.667,185.78,0
43,9,145.05,64361.89,2,1,15665.4,0.2434,4.5,364.31,0
15,7,92.62,46746.5,5,5,7780.08,0.1664,1.167,518.67,1
60,5,78.98,67712.56,1,1,4738.8,0.07,2.5,78.98,1
12,8,103.9,26359.73,5,3,9974.4,0.3784,2.0,831.2,0
49,12,152.45,67349.45,3,2,21952.8,0.326,4.0,448.02,0
42,5,100.97,60857.17,4,1,6058.2,0.0995,2.5,144.24,0
38,3,100.14,42567.62,2,1,3605.04,0.0847,1.5,94.87,0
45,4,115.66,62454.08,5,3,5551.68,0.0889,1.0,123.37,1
35,10,127.8,39131.43,4,2,15336.0,0.3919,3.333,438.17,0
30,6,82.91,74892.0,5,0,5969.52,0.0797,6.0,198.98,0
30,7,87.72,64486.93,4,1,7368.48,0.1143,3.5,245.62,0
6,4,80.1,61545.57,2,0,3844.8,0.0625,4.0,640.8,1
67,8,115.2,46677.3,3,2,11059.2,0.2369,2.667,165.06,0
7,5,92.58,68953.27,4,2,5554.8,0.0806,1.667,793.54,1
52,2,94.7,76666.79,4,2,2272.8,0.0296,0.667,43.71,0
14,3,96.11,83924.07,5,3,3459.96,0.0412,0.75,247.14,0
15,3,50.62,45184.83,3,4,1822.32,0.0403,0.6,121.49,1
21,6,123.0,69733.67,4,2,8856.0,0.127,2.0,421.71,1
35,2,81.69,80117.93,5,2,1960.56,0.0245,0.667,56.02,1
66,5,93.07,50625.21,2,3,5584.2,0.1103,1.25,84.61,0
2,4,75.24,80297.72,5,3,3611.52,0.045,1.0,1805.76,0
35,6,57.44,57859.56,3,1,4135.68,0.0715,3.0,118.16,0
20,4,100.6,36664.23,4,0,4828.8,0.1317,4.0,241.44,0
10,5,112.21,42220.63,3,2,6732.6,0.1595,1.667,673.26,0
25,5,242.29,29018.54,3,3,14537.4,0.501,1.25,581.5,1
66,6,72.34,54299.71,1,1,5208.48,0.0959,3.0,78.92,0
25,3,131.79,52116.7,5,2,4744.44,0.091,1.0,189.78,0
54,8,80.95,58391.03,4,5,7771.2,0.1331,1.333,143.91,1
33,2,136.84,79510.64,2,5,3284.16,0.0413,0.333,99.52,0
36,12,120.0,54704.2,5,3,17280.0,0.3159,3.0,480.0,0
14,8,72.83,50191.67,4,4,6991.68,0.1393,1.6,499.41,1
65,6,55.16,51408.91,5,3,3971.52,0.0773,1.5,61.1,0
54,4,47.1,21639.71,1,4,2260.8,0.1045,0.8,41.87,0
52,6,142.77,67302.38,3,4,10279.44,0.1527,1.2,197.68,1
3,3,62.1,52285.74,4,7,2235.6,0.0428,0.375,745.2,1
41,4,43.31,56445.97,2,1,2078.88,0.0368,2.0,50.7,1
6,5,141.41,51386.23,4,2,8484.6,0.1651,1.667,1414.1,0
25,6,95.16,57292.93,3,3,6851.52,0.1196,1.5,274.06,1
13,8,83.47,31388.35,2,0,8013.12,0.2553,8.0,616.39,0
8,4,127.67,54980.55,3,3,6128.16,0.1115,1.0,766.02,1
21,5,81.15,44127.42,5,2,4869.0,0.1103,1.667,231.86,0
68,5,122.48,55628.72,3,2,7348.8,0.1321,1.667,108.07,0
25,7,72.86,36730.68,2,1,6120.24,0.1666,3.5,244.81,0
68,5,164.2,63614.16,4,0,9852.0,0.1549,5.0,144.88,0
45,7,67.82,55385.3,4,2,5696.88,0.1029,2.333,126.6,0
60,4,123.26,31681.37,4,2,5916.48,0.1867,1.333,98.61,1
12,12,151.08,72034.04,4,2,21755.52,0.302,4.0,1812.96,0
32,3,17.69,45741.86,1,2,636.84,0.0139,1.0,19.9,0
13,0,118.01,48544.84,3,2,0.0,0.0,0.0,0.0,0
31,10,68.41,69367.91,4,4,8209.2,0.1183,2.0,264.81,0
20,14,127.33,74320.84,5,2,21391.44,0.2878,4.667,1069.57,0
18,6,104.54,46614.2,4,3,7526.88,0.1615,1.5,418.16,1
60,5,116.31,57006.73,1,2,6978.6,0.1224,1.667,116.31,0
63,3,92.09,67275.44,3,3,3315.24,0.0493,0.75,52.62,0
6,3,155.42,77738.71,1,1,5595.12,0.072,1.5,932.52,0
32,7,48.1,56596.19,4,5,4040.4,0.0714,1.167,126.26,1
43,6,148.13,63491.26,1,2,10665.36,0.168,2.0,248.03,1
2,5,73.39,38549.02,2,1,4403.4,0.1142,2.5,2201.7,0
60,4,36.06,27778.54,3,5,1730.88,0.0623,0.667,28.85,1
23,6,96.82,64988.16,3,3,6971.04,0.1073,1.5,303.09,0
31,10,69.56,40475.33,3,2,8347.2,0.2062,3.333,269.26,0
5,3,114.39,38361.57,3,2,4118.04,0.1073,1.0,823.61,1
34,2,119.24,66545.56,4,2,2861.76,0.043,0.667,84.17,0
10,5,88.29,52345.92,3,2,5297.4,0.1012,1.667,529.74,0
2,7,116.7,59096.27,4,3,9802.8,0.1659,1.75,4901.4,0
11,7,107.34,31901.63,3,1,9016.56,0.2826,3.5,819.69,0
50,10,96.04,38600.72,3,1,11524.8,0.2986,5.0,230.5,0
31,7,87.03,84351.14,4,2,7310.52,0.0867,2.333,235.82,0
56,8,75.59,43155.89,4,2,7256.64,0.1681,2.667,129.58,0
9,8,193.96,51340.73,4,0,18620.16,0.3627,8.0,2068.91,0
21,7,94.07,59272.53,4,3,7901.88,0.1333,1.75,376.28,0
28,3,109.52,35740.7,4,0,3942.72,0.1103,3.0,140.81,0
62,7,124.79,79350.4,3,0,10482.36,0.1321,7.0,169.07,0
7,6,83.79,55135.05,4,2,6032.88,0.1094,2.0,861.84,0
16,5,112.92,50744.54,4,3,6775.2,0.1335,1.25,423.45,1
4,9,186.13,74226.04,2,0,20102.04,0.2708,9.0,5025.51,1
4,4,67.74,71412.4,3,1,3251.52,0.0455,2.0,812.88,0
40,9,186.1,90405.84,4,3,20098.8,0.2223,2.25,502.47,0
17,5,128.69,47133.42,1,1,7721.4,0.1638,2.5,454.2,0
52,5,72.96,94479.0,3,3,4377.6,0.0463,1.25,84.18,1
52,9,65.89,66630.52,4,1,7116.12,0.1068,4.5,136.85,0
36,7,185.63,85427.26,5,1,15592.92,0.1825,3.5,433.14,0
38,4,143.62,72744.47,5,2,6893.76,0.0948,1.333,181.41,0
50,9,89.51,43444.34,3,3,9667.08,0.2225,2.25,193.34,0
63,6,76.99,39993.24,4,0,5543.28,0.1386,6.0,87.99,0
63,4,73.1,22525.79,1,1,3508.8,0.1558,2.0,55.7,0
62,5,87.59,18809.59,3,3,5255.4,0.2794,1.25,84.76,1
7,4,91.25,43979.22,4,1,4380.0,0.0996,2.0,625.71,0
27,10,102.22,77806.09,2,5,12266.4,0.1577,1.667,454.31,1
14,5,61.36,46033.71,3,1,3681.6,0.08,2.5,262.97,0
71,7,71.68,42824.3,5,1,6021.12,0.1406,3.5,84.8,0
5,6,85.64,67593.45,4,5,6166.08,0.0912,1.0,1233.22,1
55,3,216.42,39492.4,4,2,7791.12,0.1973,1.0,141.66,1
2,6,107.03,88130.17,5,1,7706.16,0.0874,3.0,3853.08,0
62,8,51.12,50289.99,4,2,4907.52,0.0976,2.667,79.15,0
21,9,62.76,71752.4,2,1,6778.08,0.0945,4.5,322.77,0
21,13,184.62,51398.79,4,1,28800.72,0.5603,6.5,1371.46,0
10,5,155.98,55442.39,3,3,9358.8,0.1688,1.25,935.88,1
58,7,80.71,75287.54,3,3,6779.64,0.09,1.75,116.89,0
39,6,117.7,59128.31,5,3,8474.4,0.1433,1.5,217.29,0
5,7,111.9,81888.3,3,1,9399.6,0.1148,3.5,1879.92,0
65,4,95.37,40900.89,1,2,4577.76,0.1119,1.333,70.43,1
13,5,66.25,31617.47,3,3,3975.0,0.1257,1.25,305.77,0
53,10,41.3,23512.13,2,2,4956.0,0.2108,3.333,93.51,0
45,1,137.06,77589.38,5,0,1644.72,0.0212,1.0,36.55,0
32,7,113.01,71228.59,4,1,9492.84,0.1333,3.5,296.65,0
36,7,66.74,50218.52,4,1,5606.16,0.1116,3.5,155.73,0
60,4,153.03,60377.6,4,1,7345.44,0.1217,2.0,122.42,0
11,3,181.48,74249.98,4,3,6533.28,0.088,0.75,593.93,1
63,4,105.48,51575.82,4,1,5063.04,0.0982,2.0,80.37,0
21,1,93.84,23319.05,4,0,1126.08,0.0483,1.0,53.62,0
52,5,46.73,23548.5,5,3,2803.8,0.1191,1.25,53.92,0
55,4,88.07,35296.0,5,2,4227.36,0.1198,1.333,76.86,1
26,9,58.86,56839.68,5,3,6356.88,0.1118,2.25,244.5,1
68,8,90.24,38050.75,4,2,8663.04,0.2277,2.667,127.4,0
34,4,145.93,73602.77,5,2,7004.64,0.0952,1.333,206.02,0
52,8,124.48,32075.22,3,2,11950.08,0.3726,2.667,229.81,0
52,1,247.06,42517.67,5,5,2964.72,0.0697,0.167,57.01,1
29,3,154.92,22215.7,5,0,5577.12,0.251,3.0,192.31,0
38,6,84.86,46986.55,5,2,6109.92,0.13,2.0,160.79,0
42,8,52.6,55128.18,5,2,5049.6,0.0916,2.667,120.23,0
21,6,83.3,74399.65,3,2,5997.6,0.0806,2.0,285.6,0
42,7,105.68,57159.72,2,2,8877.12,0.1553,2.333,211.36,0
13,5,157.87,68336.21,3,0,9472.2,0.1386,5.0,728.63,0
64,4,134.88,73092.04,4,3,6474.24,0.0886,1.0,101.16,0
17,4,43.32,62060.95,3,1,2079.36,0.0335,2.0,122.32,0
9,7,104.26,38860.99,3,0,8757.84,0.2254,7.0,973.09,0
41,4,145.34,62282.87,4,3,6976.32,0.112,1.0,170.15,0
1,4,162.68,81780.48,4,1,7808.64,0.0955,2.0,7808.64,0
2,8,150.22,49331.06,5,1,14421.12,0.2923,4.0,7210.56,0
60,6,70.03,64983.72,4,4,5042.16,0.0776,1.2,84.04,0
48,6,71.63,64519.01,4,1,5157.36,0.0799,3.0,107.44,0
29,5,193.98,48358.42,4,4,11638.8,0.2407,1.0,401.34,0
10,6,78.27,71871.92,5,2,5635.44,0.0784,2.0,563.54,0
58,6,180.32,48075.55,3,2,12983.04,0.2701,2.0,223.85,0
60,4,63.06,63154.93,2,1,3026.88,0.0479,2.0,50.45,0
21,2,90.19,50691.27,5,2,2164.56,0.0427,0.667,103.07,1
28,6,34.98,55785.3,4,0,2518.56,0.0451,6.0,89.95,0
34,6,87.43,71804.32,4,1,6294.96,0.0877,3.0,185.15,0
8,4,65.65,19954.57,3,7,3151.2,0.1579,0.5,393.9,1
59,4,124.86,66105.94,3,4,5993.28,0.0907,0.8,101.58,1
49,4,124.42,67729.03,4,2,5972.16,0.0882,1.333,121.88,0
17,8,114.8,44651.78,2,0,11020.8,0.2468,8.0,648.28,0
60,5,67.1,54435.6,3,4,4026.0,0.074,1.0,67.1,0
45,5,155.22,37428.29,3,2,9313.2,0.2488,1.667,206.96,1
69,4,97.13,40617.73,4,2,4662.24,0.1148,1.333,67.57,0
32,5,129.26,59877.22,4,1,7755.6,0.1295,2.5,242.36,0
44,5,150.57,102252.51,5,3,9034.2,0.0884,1.25,205.32,0
65,6,101.91,66951.36,4,3,7337.52,0.1096,1.5,112.88,1
8,7,50.23,39730.34,5,1,4219.32,0.1062,3.5,527.42,0
43,8,107.03,68964.31,4,2,10274.88,0.149,2.667,238.95,1
1,8,87.91,65455.99,4,1,8439.36,0.1289,4.0,8439.36,0
51,12,64.15,23916.42,1,0,9237.6,0.3862,12.0,181.13,0
24,4,171.61,49314.14,2,4,8237.28,0.167,0.8,343.22,1
24,2,83.69,52434.15,4,1,2008.56,0.0383,1.0,83.69,0
17,4,121.25,57125.46,3,4,5820.0,0.1019,0.8,342.35,1
5,3,44.73,54432.73,4,3,1610.28,0.0296,0.75,322.06,1
20,11,133.66,57659.81,4,1,17643.12,0.306,5.5,882.16,0
21,8,107.05,38167.39,5,3,10276.8,0.2693,2.0,489.37,0
58,8,79.63,49147.66,5,1,7644.48,0.1555,4.0,131.8,0
31,6,47.71,50215.83,2,0,3435.12,0.0684,6.0,110.81,0
11,11,114.24,75879.32,3,2,15079.68,0.1987,3.667,1370.88,0
52,3,84.01,42445.01,4,0,3024.36,0.0713,3.0,58.16,0
15,3,191.74,50599.25,3,3,6902.64,0.1364,0.75,460.18,0
7,2,70.79,48591.97,3,2,1698.96,0.035,0.667,242.71,1
28,6,35.46,83572.76,4,2,2553.12,0.0305,2.0,91.18,0
51,4,56.19,66972.98,5,2,2697.12,0.0403,1.333,52.88,0
58,14,150.1,38193.44,4,4,25216.8,0.6602,2.8,434.77,1
5,5,135.47,62154.04,4,0,8128.2,0.1308,5.0,1625.64,1
5,5,171.0,36790.83,3,0,10260.0,0.2789,5.0,2052.0,0
8,8,88.53,59690.32,4,2,8498.88,0.1424,2.667,1062.36,0
64,8,128.09,79588.54,3,3,12296.64,0.1545,2.0,192.14,0
10,7,104.85,19786.24,4,3,8807.4,0.4451,1.75,880.74,1
38,6,73.15,36852.15,2,1,5266.8,0.1429,3.0,138.6,0
8,10,96.84,57805.17,5,1,11620.8,0.201,5.0,1452.6,0
25,4,81.43,47871.89,4,0,3908.64,0.0816,4.0,156.35,0
66,9,166.75,58850.96,4,2,18009.0,0.306,3.0,272.86,0
50,8,72.92,53500.03,5,2,7000.32,0.1308,2.667,140.01,0
67,6,177.34,24745.82,3,4,12768.48,0.516,1.2,190.57,1
49,6,70.86,66195.66,2,3,5101.92,0.0771,1.5,104.12,0
36,10,81.46,30973.09,4,0,9775.2,0.3156,10.0,271.53,0
68,8,98.86,58699.34,5,2,9490.56,0.1617,2.667,139.57,0
41,9,69.45,46818.97,4,2,7500.6,0.1602,3.0,182.94,0
62,4,98.48,98219.27,1,1,4727.04,0.0481,2.0,76.24,0
10,4,104.27,52824.04,4,5,5004.96,0.0947,0.667,500.5,0
21,8,162.92,61317.99,1,0,15640.32,0.2551,8.0,744.78,0
36,6,35.18,64971.44,4,0,2532.96,0.039,6.0,70.36,0
12,4,71.15,61077.19,3,3,3415.2,0.0559,1.0,284.6,1
2,4,187.33,54519.74,5,2,8991.84,0.1649,1.333,4495.92,1
13,6,80.7,37169.65,3,3,5810.4,0.1563,1.5,446.95,1
53,10,80.69,52987.43,5,3,9682.8,0.1827,2.5,182.69,0
32,6,69.12,21414.06,3,1,4976.64,0.2324,3.0,155.52,0
16,5,126.89,63776.04,3,4,7613.4,0.1194,1.0,475.84,0
32,2,46.04,107568.83,5,4,1104.96,0.0103,0.4,34.53,0
32,8,111.86,58180.43,2,0,10738.56,0.1846,8.0,335.58,0
11,6,199.48,61111.14,4,3,14362.56,0.235,1.5,1305.69,1
10,5,40.76,27065.67,3,5,2445.6,0.0904,0.833,244.56,1
15,10,127.51,40312.72,4,2,15301.2,0.3796,3.333,1020.08,0
17,2,54.74,71107.06,2,0,1313.76,0.0185,2.0,77.28,0
40,10,114.78,28948.97,3,1,13773.6,0.4758,5.0,344.34,0
18,1,110.59,41896.34,4,1,1327.08,0.0317,0.5,73.73,1
55,6,131.33,65221.67,3,3,9455.76,0.145,1.5,171.92,0
25,4,76.14,69564.06,1,1,3654.72,0.0525,2.0,146.19,1
59,7,77.9,53036.84,4,0,6543.6,0.1234,7.0,110.91,0
22,3,132.87,57208.57,4,2,4783.32,0.0836,1.0,217.42,0
30,4,75.84,57166.66,1,2,3640.32,0.0637,1.333,121.34,1
44,5,139.61,32799.35,4,0,8376.6,0.2554,5.0,190.38,0
32,5,30.51,53679.99,5,2,1830.6,0.0341,1.667,57.21,0
51,4,107.64,59354.09,2,3,5166.72,0.087,1.0,101.31,1
46,3,135.75,53408.71,4,0,4887.0,0.0915,3.0,106.24,0
21,7,88.6,20339.88,4,1,7442.4,0.3659,3.5,354.4,1
32,9,165.86,82641.63,1,2,17912.88,0.2168,3.0,559.78,0
39,11,77.32,35319.29,1,1,10206.24,0.289,5.5,261.7,1
12,7,105.84,56298.31,3,0,8890.56,0.1579,7.0,740.88,1
47,9,145.72,60792.23,4,1,15737.76,0.2589,4.5,334.85,0
18,5,57.53,46813.21,2,1,3451.8,0.0737,2.5,191.77,0
21,7,151.17,59401.16,5,2,12698.28,0.2138,2.333,604.68,0
13,7,111.28,41045.15,4,1,9347.52,0.2277,3.5,719.04,0
21,4,67.81,93647.77,3,5,3254.88,0.0348,0.667,154.99,1
8,6,94.95,50310.86,4,3,6836.4,0.1359,1.5,854.55,0
46,4,65.22,71182.17,5,1,3130.56,0.044,2.0,68.06,0
7,5,123.22,35332.69,2,2,7393.2,0.2092,1.667,1056.17,1
23,6,85.46,67983.0,4,3,6153.12,0.0905,1.5,267.53,0
22,3,80.85,42090.29,4,2,2910.6,0.0692,1.0,132.3,1
22,5,124.88,29923.37,2,3,7492.8,0.2504,1.25,340.58,1
29,7,87.73,35828.5,1,3,7369.32,0.2057,1.75,254.11,1
13,9,97.05,39737.61,1,3,10481.4,0.2638,2.25,806.26,1
2,7,21.3,57006.16,3,2,1789.2,0.0314,2.333,894.6,1
29,6,94.06,106764.22,1,1,6772.32,0.0634,3.0,233.53,0
52,6,34.56,104242.16,4,2,2488.32,0.0239,2.0,47.85,0
27,7,49.9,49206.66,5,0,4191.6,0.0852,7.0,155.24,0
50,3,71.57,72269.55,1,2,2576.52,0.0357,1.0,51.53,0
23,7,73.85,32432.01,3,2,6203.4,0.1913,2.333,269.71,0
44,10,32.94,17126.88,1,1,3952.8,0.2308,5.0,89.84,1
22,6,96.98,55550.54,2,2,6982.56,0.1257,2.0,317.39,0
43,8,90.73,64833.21,3,2,8710.08,0.1343,2.667,202.56,0
37,5,101.8,69098.61,3,2,6108.0,0.0884,1.667,165.08,0
61,5,83.17,74434.57,5,4,4990.2,0.067,1.0,81.81,1
56,9,174.84,49051.98,3,2,18882.72,0.385,3.0,337.19,1
3,3,118.5,56296.75,4,3,4266.0,0.0758,0.75,1422.0,0
63,4,184.63,69782.3,3,1,8862.24,0.127,2.0,140.67,0
19,11,57.4,76482.43,1,3,7576.8,0.0991,2.75,398.78,1
23,6,82.14,38671.59,5,1,5914.08,0.1529,3.0,257.13,0
29,10,74.44,58792.19,2,2,8932.8,0.1519,3.333,308.03,0
30,2,44.64,66691.95,5,0,1071.36,0.0161,2.0,35.71,0
39,5,88.71,57655.95,2,2,5322.6,0.0923,1.667,136.48,0
25,3,31.89,43803.22,4,2,1148.04,0.0262,1.0,45.92,1
8,8,122.64,55055.67,5,0,11773.44,0.2138,8.0,1471.68,0
58,7,156.73,64535.14,2,2,13165.32,0.204,2.333,226.99,1
16,6,86.45,41308.27,3,0,6224.4,0.1507,6.0,389.02,0
1,7,101.37,33449.7,4,2,8515.08,0.2546,2.333,8515.08,1
5,7,157.39,92071.77,1,5,13220.76,0.1436,1.167,2644.15,1
3,7,62.39,58375.54,4,1,5240.76,0.0898,3.5,1746.92,0
65,8,44.4,71890.31,2,2,4262.4,0.0593,2.667,65.58,0
4,7,31.46,58770.93,3,3,2642.64,0.045,1.75,660.66,1
64,4,65.48,73905.71,2,2,3143.04,0.0425,1.333,49.11,1
10,12,70.5,56425.21,5,1,10152.0,0.1799,6.0,1015.2,0
21,7,126.62,65568.04,2,1,10636.08,0.1622,3.5,506.48,1
46,7,51.06,35028.45,1,1,4289.04,0.1224,3.5,93.24,0
27,6,43.52,23227.82,4,0,3133.44,0.1349,6.0,116.05,0
66,12,136.2,46423.4,3,3,19612.8,0.4225,3.0,297.16,0
41,5,72.63,29335.71,3,0,4357.8,0.1485,5.0,106.29,0
13,8,101.71,16894.33,2,1,9764.16,0.578,4.0,751.09,1
9,2,129.96,60431.46,4,0,3119.04,0.0516,2.0,346.56,1
36,12,255.68,23151.49,4,2,36817.92,1.5903,4.0,1022.72,0
58,3,112.3,72090.92,3,2,4042.8,0.0561,1.0,69.7,0
54,4,69.17,80941.34,2,1,3320.16,0.041,2.0,61.48,0
12,4,135.06,29026.18,4,2,6482.88,0.2233,1.333,540.24,1
14,2,60.67,60195.98,4,1,1456.08,0.0242,1.0,104.01,1
34,6,156.55,88442.81,3,4,11271.6,0.1274,1.2,331.52,1
53,10,67.05,46504.37,1,1,8046.0,0.173,5.0,151.81,0
20,4,55.59,65995.24,2,1,2668.32,0.0404,2.0,133.42,0
16,8,96.34,98072.26,4,3,9248.64,0.0943,2.0,578.04,1
70,6,110.84,24811.32,5,3,7980.48,0.3216,1.5,114.01,0
56,4,56.74,36652.89,1,4,2723.52,0.0743,0.8,48.63,0
58,6,71.73,65153.64,3,2,5164.56,0.0793,2.0,89.04,0
4,9,116.3,94103.9,1,1,12560.4,0.1335,4.5,3140.1,0
4,2,102.96,42198.1,3,2,2471.04,0.0586,0.667,617.76,1
20,7,113.45,98843.17,3,4,9529.8,0.0964,1.4,476.49,0
10,6,157.87,57375.21,5,0,11366.64,0.1981,6.0,1136.66,0
24,6,107.84,19589.4,2,1,7764.48,0.3964,3.0,323.52,0
26,9,176.86,83628.67,4,1,19100.88,0.2284,4.5,734.65,0
37,4,138.5,46654.77,3,2,6648.0,0.1425,1.333,179.68,0
54,3,72.5,63073.46,4,2,2610.0,0.0414,1.0,48.33,1
21,5,161.09,25134.95,4,4,9665.4,0.3845,1.0,460.26,1
38,4,105.89,41441.47,1,2,5082.72,0.1226,1.333,133.76,0
46,6,150.11,28056.31,5,1,10807.92,0.3852,3.0,234.95,0
4,11,114.41,26146.12,2,1,15102.12,0.5776,5.5,3775.53,0
60,10,196.29,56764.71,4,2,23554.8,0.415,3.333,392.58,0
57,8,55.65,65201.99,5,1,5342.4,0.0819,4.0,93.73,0
45,1,85.78,45158.35,1,5,1029.36,0.0228,0.167,22.87,1
20,5,123.67,29131.23,4,2,7420.2,0.2547,1.667,371.01,0
17,5,100.85,32030.1,4,2,6051.0,0.1889,1.667,355.94,0
71,11,60.94,61689.33,5,1,8044.08,0.1304,5.5,113.3,0
4,7,187.42,56992.43,4,3,15743.28,0.2762,1.75,3935.82,0
14,5,91.39,61985.34,3,1,5483.4,0.0885,2.5,391.67,0
3,9,143.7,83051.29,4,2,15519.6,0.1869,3.0,5173.2,1
58,6,119.39,65356.29,4,0,8596.08,0.1315,6.0,148.21,0
55,5,132.83,62362.53,4,0,7969.8,0.1278,5.0,144.91,0
4,5,53.88,97636.9,5,4,3232.8,0.0331,1.0,808.2,0
24,2,93.1,50053.88,2,0,2234.4,0.0446,2.0,93.1,0
34,7,134.31,97906.16,2,0,11282.04,0.1152,7.0,331.82,0
30,11,143.26,80629.91,4,1,18910.32,0.2345,5.5,630.34,0
19,6,137.68,49637.34,5,2,9912.96,0.1997,2.0,521.73,1
31,9,67.3,69487.1,3,3,7268.4,0.1046,2.25,234.46,0
60,6,41.37,51126.38,5,1,2978.64,0.0583,3.0,49.64,0
60,11,50.65,29144.88,5,2,6685.8,0.2294,3.667,111.43,0
19,5,95.23,54855.29,5,4,5713.8,0.1042,1.0,300.73,0
49,5,99.51,28591.73,5,2,5970.6,0.2088,1.667,121.85,0
63,7,95.05,59193.37,5,1,7984.2,0.1349,3.5,126.73,1
22,15,54.64,69408.64,4,1,9835.2,0.1417,7.5,447.05,0
24,7,73.63,51095.68,4,1,6184.92,0.121,3.5,257.7,0
30,14,186.63,59157.23,1,2,31353.84,0.53,4.667,1045.13,0
58,1,111.36,58859.05,2,2,1336.32,0.0227,0.333,23.04,0
31,1,92.29,70198.29,2,1,1107.48,0.0158,0.5,35.73,0
64,9,184.74,56610.56,1,0,19951.92,0.3524,9.0,311.75,0
19,3,203.64,49334.93,2,2,7331.04,0.1486,1.0,385.84,1
48,5,77.13,69380.93,5,2,4627.8,0.0667,1.667,96.41,0
45,3,111.72,57854.05,4,2,4021.92,0.0695,1.0,89.38,0
55,7,45.46,16559.98,3,2,3818.64,0.2306,2.333,69.43,0
55,6,39.58,48694.84,4,2,2849.76,0.0585,2.0,51.81,0
18,6,85.54,45690.92,4,1,6158.88,0.1348,3.0,342.16,0
63,8,53.04,57654.27,2,1,5091.84,0.0883,4.0,80.82,0
47,10,73.68,55719.83,5,3,8841.6,0.1587,2.5,188.12,0
57,5,106.88,19893.54,3,1,6412.8,0.3224,2.5,112.51,0
45,9,167.97,28149.01,4,2,18140.76,0.6445,3.0,403.13,0
33,9,113.09,37848.51,3,2,12213.72,0.3227,3.0,370.11,1
17,7,77.51,56160.19,4,2,6510.84,0.1159,2.333,382.99,0
70,5,208.87,74329.15,4,5,12532.2,0.1686,0.833,179.03,1
4,7,98.39,26134.41,2,0,8264.76,0.3162,7.0,2066.19,0
20,11,144.05,42901.93,5,2,19014.6,0.4432,3.667,950.73,1
47,4,149.57,54127.46,1,4,7179.36,0.1326,0.8,152.75,0
